:START_ID(Player),:END_ID(Award),time
Q1463357,Q7945958,2005
Q2557724,Q4904894,2005
Q930865,Q918054,2013
Q298531,Q1418596,2009
Q196185,Q4896614,2014
Q553318,Q2404133,2011
Q676481,Q1418596,1998
Q361134,Q845884,2007
Q7822525,Q5949350,2007
Q196185,Q222047,2017
Q361134,Q1641970,1996
Q505500,Q674359,1951
Q505500,Q674359,1952
Q505500,Q674359,1953
Q361134,Q1465181,2008
Q361134,Q1465181,2007
Q311895,Q16827133,1995
Q196185,Q1418009,2009
Q211876,Q1465181,1996
Q211876,Q1465181,1995
Q211876,Q1465181,1992
Q211876,Q1465181,1991
Q449245,Q845884,1986
Q298531,Q13425905,2013
Q298981,Q1125399,2008
Q311895,Q1418596,2008
Q311895,Q1418596,2005
Q311895,Q1418596,2010
Q449245,Q1465181,1987
Q449245,Q1465181,1991
Q211876,Q674359,1992
Q211876,Q674359,1991
Q211876,Q674359,1996
Q211876,Q674359,1995
Q963613,Q674359,1954
Q352319,Q674359,1999
Q352319,Q674359,1992
Q352319,Q674359,1998
Q352319,Q674359,1997
Q352319,Q674359,1993
Q298531,Q739499,2004
Q2566735,Q1501719,1993
Q211876,Q1418009,1990
Q973121,Q1465181,2014
Q357757,Q845884,1985
Q357757,Q845884,1989
Q449245,Q1125399,1986
Q211876,Q644357,1990
Q505500,Q31391,1951
Q553318,Q2359022,2011
Q352319,Q1418009,1990
Q357757,Q1465181,1986
Q357757,Q1465181,1985
Q357757,Q1465181,1989
Q314430,Q3734778,2010
Q311895,Q674359,1997
Q973121,Q1125399,2013
Q310108,Q1125399,2003
Q2354822,Q1501719,1996
Q211876,Q1653207,2003
Q739699,Q1501719,1988
Q676481,Q918054,2006
Q127125,Q41655480,2005
Q984367,Q1125399,2000
Q553318,Q17182534,2016
Q294788,Q3734778,2012
Q298531,Q1501719,2008
Q318929,Q1125399,2009
Q553318,Q3625678,2011
Q2561603,Q388970,1985
Q211876,Q845884,1992
Q926364,Q1125399,1991
Q211876,Q1641970,1987
Q553318,Q1641970,2011
Q211876,Q1501719,2003
Q371193,Q1501719,2018
Q205326,Q674359,2011
Q211876,Q1418596,2001
Q205326,Q222047,2011
Q553318,Q2666769,2011
Q211876,Q222047,1995
Q963613,Q918054,1963
Q196185,Q31391,2016
Q196185,Q31391,2015
Q205326,Q1418009,2009
Q311895,Q3304648,1994
Q7926203,Q1125399,2018
Q553318,Q3869347,2011
Q205326,Q644357,2009
Q275183,Q1418596,2007
Q553318,Q10873970,2017
Q361134,Q1418009,1997
Q275183,Q1501719,2014
Q553318,Q6925428,2011
Q311895,Q1418009,1995
Q311895,Q644357,1995
Q311895,Q3869345,1993
Q270981,Q644357,2003
Q1347527,Q3809120,2014
Q275183,Q1418009,2005
Q309872,Q1465181,1998
Q309872,Q1465181,2002
Q309872,Q1465181,2000
Q309872,Q1465181,1997
Q309872,Q1465181,1996
Q309872,Q1465181,1995
Q309872,Q1465181,2001
Q309872,Q1465181,1994
Q309872,Q1465181,1999
Q209921,Q31391,1977
Q209921,Q31391,1983
Q926311,Q3869347,1994
Q926311,Q1418009,1995
Q538009,Q918054,2008
Q549899,Q31391,1968
Q380515,Q739499,1970
Q380515,Q739499,1973
Q199896,Q31391,1993
Q199896,Q31391,1989
Q380515,Q31391,1970
Q926311,Q18156668,2005
Q273256,Q1465181,1991
Q273256,Q1465181,1990
Q273256,Q1465181,1997
Q273256,Q1465181,1996
Q273256,Q1465181,1988
Q273256,Q1465181,1994
Q273256,Q1465181,1987
Q273256,Q1465181,1993
Q273256,Q1465181,1985
Q273256,Q674359,1996
Q273256,Q674359,1995
Q273256,Q674359,1988
Q273256,Q674359,1994
Q273256,Q674359,1993
Q273256,Q674359,1986
Q273256,Q674359,1999
Q273256,Q674359,1991
Q273256,Q674359,1997
Q273256,Q674359,1990
Q273256,Q674359,1989
Q209921,Q1501719,1983
Q273256,Q1749322,1983
Q209921,Q674359,1983
Q209921,Q674359,1982
Q209921,Q674359,1981
Q209921,Q674359,1980
Q209921,Q674359,1978
Q273256,Q222047,1994
Q209921,Q222047,1981
Q209921,Q222047,
Q933952,Q1501719,1980
Q273256,Q1418009,1985
Q926311,Q2404133,1994
Q926311,Q2081740,1994
Q199896,Q222047,1999
Q199896,Q222047,1997
Q199896,Q674359,1999
Q199896,Q674359,1992
Q199896,Q674359,1998
Q199896,Q674359,1997
Q199896,Q674359,1990
Q199896,Q674359,1989
Q199896,Q674359,1996
Q199896,Q674359,1994
Q199896,Q674359,1993
Q199896,Q674359,1991
Q199896,Q674359,1995
Q919197,Q9062372,2010
Q380515,Q1465181,1970
Q380515,Q1418009,1965
Q309872,Q845884,1996
Q273256,Q739499,1995
Q273256,Q739499,1994
Q380515,Q644357,1965
Q213132,Q56872155,2010
Q926311,Q4906507,1994
Q385436,Q1125399,1995
Q241261,Q644357,1999
Q926311,Q4906518,1994
Q273256,Q943106,1996
Q273256,Q943106,1995
Q316246,Q918054,1996
Q316246,Q4896608,2010
Q316246,Q4896608,2009
Q316246,Q4896608,2002
Q926311,Q2359022,1994
Q718669,Q674359,1978
Q718669,Q674359,1977
Q273256,Q845884,1994
Q273256,Q845884,1993
Q363397,Q644357,2010
Q273256,Q7571251,1984
Q460116,Q1125399,1996
Q926311,Q6952971,1994; 1993
Q316106,Q50620191,2013
Q554866,Q13422138,08 September 2021
Q199896,Q1465181,1999
Q199896,Q1465181,1997
Q199896,Q1465181,1998
Q718669,Q31391,1979
Q770083,Q1125399,1987
Q926311,Q3625678,1994
Q538009,Q1418009,1984
Q914127,Q20439991,2012
Q926311,Q1641970,1994
Q316246,Q1418009,1968
Q787999,Q1125399,1990
Q380515,Q674359,1970
Q380515,Q222047,1970
Q41421,Q1653207,1991
Q41421,Q4896724,1993
Q1114256,Q6589922,2010
Q2419803,Q31391,1966
Q553232,Q41628143,1993
Q32860369,Q1766360,2023
Q975066,Q41628143,1996
Q362872,Q41628143,1997
Q4933485,Q388970,2015
Q968705,Q7082270,2011
Q2328264,Q41628143,1996
Q41421,Q4896614,1996
Q273256,Q121359767,2008
Q193052,Q120648343,2015
Q92198887,Q644357,April 2023
Q22096243,Q6589922,2016
Q41421,Q2666769,1984
Q313481,Q121359767,2007
Q62719191,Q6925428,2019
Q743850,Q41628143,1989
Q41421,Q41628143,2010
Q958710,Q16996870,1994
Q1386659,Q918054,2007
Q555100,Q41628143,1998
Q3946349,Q41628143,1981
Q41421,Q674359,1998
Q41421,Q674359,1991
Q41421,Q674359,1997
Q41421,Q674359,1990
Q41421,Q674359,1989
Q41421,Q674359,1996
Q41421,Q674359,1988
Q41421,Q674359,1993
Q41421,Q674359,1987
Q41421,Q674359,1992
Q2329774,Q41628143,1993
Q925099,Q41628143,2016
Q2318539,Q1125399,1988
Q352140,Q41628143,2016
Q6390069,Q41628143,1979
Q17281073,Q112144165,2023
Q634812,Q41628143,2014
Q1687804,Q388970,1993
Q1687804,Q388970,1989
Q1687804,Q388970,1976
Q1687804,Q388970,1981
Q2387113,Q41628143,2022
Q209982,Q124390870,2005
Q1450542,Q41628143,1970
Q19881847,Q5361902,2017
Q63112754,Q16980367,2020
Q17281073,Q739499,2023
Q2331870,Q41628143,2012
Q2325022,Q41628143,1995
Q19881847,Q517881,2017
Q933952,Q1418009,1972
Q928077,Q1501719,2013
Q150502,Q41628143,2022
Q92198887,Q4816371,2022
Q1618750,Q41628143,2003
Q930445,Q1501719,2005
Q1583907,Q41628143,1978
Q41421,Q2404133,1984
Q2333229,Q41628143,1972
Q41421,Q743122,1992
Q41421,Q743122,1991
Q41421,Q743122,1993
Q2317740,Q55316905,2017
Q5586369,Q26242497,2020
Q637382,Q41628143,1983
Q29342,Q1418009,2012
Q6372315,Q644357,2016
Q948237,Q41628143,1991
Q134183,Q118697991,1992
Q14834367,Q1418009,2016
Q41421,Q943106,1998
Q41421,Q943106,1993
Q41421,Q943106,1999
Q41421,Q943106,1997
Q271933,Q121359767,2006
Q25369,Q917808,04 March 2018
Q41421,Q1465181,1992
Q41421,Q1465181,1991
Q41421,Q1465181,1989
Q41421,Q1465181,1996
Q41421,Q1465181,1993
Q41421,Q1465181,12 May 1988
Q41421,Q1465181,1998
Q41421,Q1465181,1990
Q41421,Q1465181,1997
Q3900792,Q41628143,2007
Q14834367,Q4001973,2015
Q3718833,Q41628143,2014
Q3830193,Q41628143,2012
Q2565114,Q41628143,1988
Q735251,Q41628143,1984
Q2326977,Q918054,1974
Q2326948,Q41628143,1998
Q29281952,Q16980367,2017
Q896772,Q41628143,2001
Q41421,Q137003,1996
Q523630,Q918054,2016
Q19615890,Q41628143,1980
Q3637883,Q41628143,1992
Q928077,Q1418009,2012
Q351802,Q41628143,2023
Q20710441,Q4906518,2017
Q718669,Q41628143,1982
Q41421,Q739499,1996
Q41421,Q739499,1992
Q41421,Q739499,1991
Q41421,Q739499,1998
Q41421,Q739499,1993
Q41421,Q739499,1997
Q2567482,Q121359767,2009
Q1378121,Q979186,2017
Q314071,Q5770886,November 2019
Q3930049,Q41628143,2014
Q1608378,Q1514249,1960
Q2642159,Q6589922,2007
Q926311,Q2666769,1994
Q440357,Q41628143,1969
Q36159,Q4835465,2013
Q36159,Q4835465,2010
Q36159,Q4835465,2004
Q36159,Q4835465,2009
Q36159,Q4835465,2006
Q36159,Q4835465,2007
Q36159,Q943106,2009
Q36159,Q943106,2007
Q36159,Q943106,2013
Q36159,Q943106,2012
Q17717,Q674359,1965
Q17717,Q674359,1966
Q17717,Q674359,1967
Q17717,Q674359,1968
Q17717,Q674359,1961
Q17717,Q674359,1962
Q17717,Q674359,1969
Q17717,Q674359,1963
Q17717,Q674359,1964
Q36159,Q1465181,2010
Q36159,Q1465181,2013
Q36159,Q1465181,2011
Q36159,Q1465181,2009
Q36159,Q1465181,2012
Q36159,Q674359,2014
Q36159,Q674359,2008
Q36159,Q674359,2006
Q36159,Q674359,2013
Q36159,Q674359,2012
Q36159,Q674359,2010
Q36159,Q674359,2011
Q36159,Q674359,2009
Q75060241,Q3625678,2020
Q19844712,Q644357,2019
Q36159,Q222047,2013
Q36159,Q222047,2012
Q36159,Q222047,2010
Q36159,Q222047,2009
Q193637,Q1465181,1993
Q193637,Q1465181,1991
Q193637,Q1465181,1997
Q193637,Q1465181,1994
Q193637,Q1465181,1999
Q193637,Q1465181,1996
Q193637,Q1465181,1995
Q193637,Q1465181,2000
Q193637,Q1465181,1992
Q193637,Q1465181,1998
Q27443338,Q6952971,2017
Q193637,Q674359,1998
Q193637,Q674359,1994
Q193637,Q674359,1993
Q193637,Q674359,1992
Q193637,Q674359,1997
Q193637,Q674359,1996
Q193637,Q674359,1995
Q65030944,Q7865896,2021
Q75060241,Q1641970,2020
Q22958459,Q7122259,2018
Q36159,Q1653207,2020
Q36159,Q1653207,2012
Q36159,Q1653207,2016
Q17717,Q16996870,1956
Q36159,Q31391,2008
Q36159,Q31391,2008
Q36159,Q31391,2006
Q75060241,Q2666769,2020
Q36159,Q739499,2013
Q36159,Q739499,2013
Q36159,Q739499,2012
Q36159,Q739499,2012
Q75060241,Q4816274,2020
Q84360117,Q4905618,2021
Q36159,Q4896724,2013
Q36159,Q4896724,2012
Q36159,Q743122,2016
Q36159,Q743122,2013
Q36159,Q743122,2020
Q36159,Q743122,2018
Q50990042,Q4816274,2018
Q17281073,Q222047,2022
Q17281073,Q222047,2021
Q10516040,Q1641970,2013
Q5006560,Q7148018,2012
Q5006560,Q7148018,2010
Q21622110,Q7569437,2017
Q36159,Q4896605,2013
Q36159,Q4896605,2012
Q47299742,Q7569437,2018
Q17717,Q644357,1961
Q36159,Q1501719,2017
Q22117381,Q10873970,2017
Q36159,Q1418009,2004
Q10516040,Q1418009,2014
Q36159,Q2282428,2003
Q17717,Q222047,1964
Q75060241,Q2404133,2020
Q61244130,Q6928407,2016
Q36159,Q644357,2004
Q36159,Q7080855,2003
Q36159,Q7080855,2002
Q36159,Q7080855,2001
Q17717,Q31391,1961
Q17717,Q31391,1969
Q17717,Q31391,1964
Q47463922,Q4906518,2018
Q61244130,Q4906518,2019
Q19564111,Q7122259,2015
Q65030944,Q4904894,2021
Q193637,Q31391,1994
Q27443338,Q9062372,2017
Q16236628,Q6879778,2016; 2014
Q36159,Q4896598,2004
Q134183,Q1418009,1980
Q41421,Q31391,1988
Q41421,Q31391,1998
Q41421,Q31391,1996
Q134183,Q674359,1986
Q134183,Q674359,1985
Q134183,Q674359,1991
Q134183,Q674359,1984
Q134183,Q674359,1983
Q134183,Q674359,1990
Q134183,Q674359,1989
Q134183,Q674359,1988
Q134183,Q674359,1987
Q190094,Q4835465,2001
Q190094,Q107283826,1997
Q41421,Q1061233,1992
Q169452,Q739499,2000
Q169452,Q739499,2002
Q169452,Q739499,2001
Q41421,Q845884,1988
Q169452,Q31391,2000
Q169452,Q31391,2004
Q169452,Q31391,2009
Q190094,Q674359,2001
Q190094,Q674359,1999
Q190094,Q674359,2005
Q41421,Q1641970,1984
Q190094,Q222047,2001
Q134183,Q739499,1987
Q134183,Q739499,1980
Q134183,Q739499,1982
Q41421,Q586458,2015
Q41421,Q222047,1992
Q41421,Q222047,1998
Q41421,Q222047,1991
Q41421,Q222047,1996
Q41421,Q222047,1988
Q169452,Q674359,2004
Q169452,Q674359,2003
Q169452,Q674359,2002
Q169452,Q674359,2001
Q169452,Q674359,2006
Q169452,Q674359,2000
Q169452,Q674359,1998
Q169452,Q674359,2005
Q134183,Q5020532,2011
Q182455,Q674359,1966
Q182455,Q674359,1968
Q182455,Q674359,1964
Q182455,Q674359,1960
Q182455,Q674359,1967
Q182455,Q674359,1961
Q182455,Q674359,1962
Q182455,Q222047,1966
Q182455,Q222047,1960
Q182455,Q222047,1967
Q182455,Q222047,1968
Q190094,Q31391,2001
Q190094,Q31391,2005
Q134183,Q1501719,1992
Q41421,Q17144,2016
Q182455,Q644357,1960
Q125060,Q3734778,2014
Q180860,Q1125399,1992
Q134183,Q222047,1990
Q134183,Q222047,1989
Q134183,Q222047,1987
Q169452,Q1418009,1993
Q41421,Q4650547,1984
Q169452,Q644357,1993
Q134183,Q31391,1992
Q134183,Q31391,1990
Q190094,Q644357,1997
Q134183,Q5593890,1992
Q169452,Q4835465,2005
Q169452,Q943106,2002
Q169452,Q943106,2001
Q169452,Q222047,2000
Q41421,Q1418009,1985
Q41421,Q644357,1985
Q41421,Q4816371,1982
Q134183,Q4835493,2003
Q190152,Q918054,1998
Q352159,Q18156668,2015
Q190152,Q1641970,1979
Q295364,Q1465181,2006
Q295364,Q1465181,2005
Q295364,Q1465181,2004
Q295364,Q1465181,2003
Q295364,Q1465181,2002
Q182455,Q739499,1972
Q313485,Q644357,2007
Q440121,Q31391,1976
Q190152,Q674359,1988
Q190152,Q674359,1987
Q190152,Q674359,1980
Q190152,Q674359,1985
Q190152,Q674359,1984
Q190152,Q674359,1990
Q190152,Q674359,1983
Q190152,Q674359,1982
Q190152,Q674359,1981
Q190152,Q674359,1986
Q348598,Q1418596,1996
Q275889,Q3320370,2015
Q264393,Q222047,1973
Q190152,Q1418009,1980
Q348598,Q1465181,1992
Q348598,Q1465181,1991
Q348598,Q1465181,1990
Q348598,Q1465181,1989
Q348598,Q1465181,1993
Q190152,Q644357,1980
Q190152,Q222047,1985
Q190152,Q222047,1984
Q190152,Q222047,1986
Q192955,Q1501719,2007
Q348598,Q1501719,1994
Q192955,Q674359,2007
Q192955,Q674359,2006
Q192955,Q674359,2005
Q192955,Q222047,2006
Q192955,Q222047,2005
Q348598,Q674359,1993
Q348598,Q674359,1991
Q348598,Q674359,1990
Q312643,Q674359,1957
Q312643,Q674359,1958
Q312643,Q674359,1952
Q312643,Q674359,1959
Q312643,Q674359,1960
Q312643,Q674359,1953
Q312643,Q674359,1954
Q312643,Q674359,1961
Q312643,Q674359,1955
Q312643,Q674359,1956
Q182455,Q1465181,1972
Q182455,Q1465181,1973
Q312643,Q222047,1957
Q209982,Q5484794,2002
Q348598,Q1418009,1986
Q264393,Q31391,1973
Q190152,Q739499,1986
Q190152,Q739499,1984
Q352159,Q222047,2016
Q352159,Q222047,2015
Q440121,Q674359,1971
Q440121,Q674359,1968
Q295364,Q845884,2003
Q295364,Q845884,2002
Q295364,Q845884,2006
Q295364,Q845884,2005
Q264393,Q1465181,1976
Q190152,Q743122,1986
Q312643,Q31391,1957
Q312643,Q31391,1954
Q352159,Q739499,2022
Q264393,Q1418009,1971
Q182455,Q31391,1960
Q190152,Q388970,2012
Q264393,Q644357,1971
Q192955,Q943106,2005
Q192955,Q517881,1996; 1995
Q352159,Q743122,2015
Q312643,Q3809120,1983
Q348598,Q388970,2003
Q352159,Q1418596,2011
Q192955,Q857933,2008
Q190152,Q31391,1982
Q275889,Q845884,2013
Q440121,Q101566864,17 April 2006
Q199896,Q1418009,1986
Q440121,Q1418009,1967
Q352159,Q1418009,2010
Q275889,Q1387630,2008
Q348598,Q739499,1989
Q179051,Q1465181,1974
Q179051,Q1465181,1980
Q179051,Q1465181,1979
Q179051,Q1465181,1975
Q179051,Q1465181,1981
Q179051,Q674359,1972
Q179051,Q674359,1971
Q179051,Q674359,1977
Q179051,Q674359,1984
Q179051,Q674359,1976
Q179051,Q674359,1981
Q179051,Q674359,1974
Q179051,Q674359,1973
Q179051,Q674359,1980
Q179051,Q674359,1986
Q1089188,Q1418009,1987
Q179051,Q222047,1972
Q179051,Q222047,1971
Q179051,Q222047,1977
Q179051,Q222047,1976
Q179051,Q222047,1974
Q179051,Q222047,1980
Q30278325,Q4904894,2018
Q21064045,Q2404133,2017
Q21064045,Q2081740,2017
Q44068,Q943106,2011
Q29545,Q4835465,2012
Q29545,Q4835465,2014
Q16236541,Q7569437,2017
Q179051,Q1418009,1970
Q29545,Q943106,2014
Q189240,Q31391,2003
Q179051,Q644357,1970
Q316179,Q674359,1985
Q316179,Q674359,1979
Q316179,Q674359,1983
Q316179,Q674359,1982
Q29545,Q674359,2012
Q29545,Q674359,2011
Q29545,Q674359,2010
Q29545,Q674359,2014
Q29545,Q674359,2013
Q1126347,Q290922,1992
Q18352238,Q6929029,2014
Q44068,Q222047,2007
Q33120424,Q944843,1977
Q44068,Q674359,2007
Q44068,Q674359,2006
Q44068,Q674359,2005
Q44068,Q674359,2009
Q179051,Q739499,1985
Q179051,Q739499,1971
Q189240,Q943106,2004
Q2562179,Q918054,1969
Q2562179,Q918054,1982
Q189240,Q1465181,2011
Q189240,Q1465181,2003
Q189240,Q1465181,2009
Q189240,Q1465181,2002
Q189240,Q1465181,2008
Q189240,Q1465181,2000
Q189240,Q1465181,2005
Q189240,Q1465181,2004
Q189240,Q1465181,2001
Q19571571,Q517881,2016
Q17465755,Q644357,2017
Q189240,Q1501719,2006
Q189240,Q674359,2000
Q189240,Q674359,2003
Q189240,Q674359,2008
Q189240,Q674359,2004
Q2562179,Q674359,1960
Q29545,Q4904894,2007
Q29545,Q31391,2012
Q3808350,Q7708011,1976
Q21064045,Q4904894,2017
Q21064045,Q3625678,2017
Q179051,Q17144,2016
Q29545,Q1641970,2007
Q17465755,Q3304648,2016
Q21064045,Q1641970,2017
Q44068,Q876882,2011
Q1815125,Q31391,1978
Q29545,Q604370,2018
Q29545,Q1418009,2008
Q29545,Q222047,2014
Q29545,Q7865896,2007
Q17465755,Q3869345,2016
Q21064045,Q2666769,2017
Q179051,Q16918963,2013
Q29545,Q644357,2008
Q1126347,Q674359,1970
Q179051,Q1653207,1985
Q21064045,Q3869347,2017
Q28105058,Q13422138,08 September 2021
Q2564695,Q388970,1992
Q2564695,Q388970,1998
Q62869978,Q4905618,2021
Q179051,Q5020532,2014
Q189240,Q222047,2004
Q139376,Q1125399,2004
Q44068,Q739499,2011
Q44068,Q4896724,2011
Q29545,Q4896724,2014
Q29545,Q4896727,2007
Q1155161,Q16996870,1975
Q505336,Q674359,1959
Q505336,Q674359,1956
Q505336,Q674359,1957
Q505336,Q674359,1958
Q387141,Q918054,1964
Q742119,Q1465181,1988
Q742119,Q1465181,1992
Q742119,Q1465181,1991
Q742119,Q1465181,1990
Q2733180,Q918054,1991
Q732350,Q1641970,2014
Q598416,Q739499,1976
Q1628310,Q3625678,1993
Q316179,Q1465181,1983
Q608514,Q1465181,1998
Q608514,Q1465181,1994
Q364367,Q3734778,2013
Q732350,Q6705407,2012; 2014
Q732350,Q6596713,2014
Q732350,Q2666769,2014
Q316179,Q222047,1979
Q316179,Q222047,1983
Q316179,Q222047,1982
Q742119,Q674359,1983
Q705993,Q9678710,10 June 2019
Q1628310,Q1641970,1993
Q372389,Q1501719,1999
Q732350,Q3869347,2014
Q192707,Q674359,1996
Q192707,Q674359,1995
Q192707,Q674359,1988
Q192707,Q674359,1994
Q192707,Q674359,1987
Q192707,Q674359,1986
Q192707,Q674359,1992
Q192707,Q674359,1991
Q192707,Q674359,1993
Q192707,Q674359,1990
Q192707,Q674359,1989
Q369532,Q1125399,2014
Q742119,Q1418009,1982
Q608514,Q1418009,1986
Q1166588,Q1418009,1981
Q742119,Q644357,1982
Q1628310,Q2666769,1993
Q1166588,Q644357,1981
Q3446792,Q845884,2021
Q3446792,Q845884,2019
Q3446792,Q845884,2018
Q192707,Q222047,1993
Q366505,Q674359,1965
Q366505,Q674359,1966
Q366505,Q674359,1968
Q732350,Q6952971,2012; 2014; 2013
Q1628310,Q3869347,1993
Q3446792,Q13422138,08 September 2021
Q192707,Q1418009,1985
Q776784,Q918054,2015
Q1628310,Q6952971,1992; 1991; 1993
Q1459540,Q290922,1999
Q732350,Q6879778,2012; 2013
Q369532,Q4407211,2017
Q598416,Q1418009,1970
Q732350,Q2404133,2014
Q732350,Q2081740,2014
Q366505,Q31391,1965
Q1166588,Q1641970,1980
Q366505,Q1653207,1961
Q1628310,Q2404133,1993
Q192707,Q7569437,1984
Q1628310,Q2081740,1993
Q192707,Q943106,1994
Q732350,Q4905618,2014
Q505336,Q31391,1955
Q189240,Q845884,2008
Q372389,Q1418009,1995
Q732350,Q2359022,2014
Q5006560,Q1125399,2016
Q371821,Q1501719,2010
Q1628310,Q4906518,1993
Q316179,Q739499,1983
Q366505,Q1418009,1964
Q1628310,Q2359022,1993
Q366505,Q644357,1964
Q352114,Q13422138,08 September 2021
Q505336,Q918054,1972
Q1159084,Q1501719,1985
Q732350,Q3625678,2014
Q192707,Q31391,1991
Q520424,Q4904894,2003
Q368561,Q674359,1961
Q368561,Q674359,1955
Q368561,Q674359,1962
Q368561,Q674359,1956
Q368561,Q674359,1963
Q368561,Q674359,1964
Q368561,Q674359,1957
Q368561,Q674359,1958
Q368561,Q674359,1959
Q368561,Q674359,1960
Q317209,Q674359,1996
Q317209,Q674359,1995
Q317209,Q674359,1997
Q352696,Q4904894,2008
Q339256,Q4896608,2011
Q20714917,Q7122259,2016
Q368561,Q222047,1956
Q368561,Q222047,1959
Q368561,Q644357,1955
Q339256,Q918054,2002
Q16227726,Q4906518,2015
Q298512,Q31391,1986
Q298512,Q31391,1984
Q352110,Q31391,1980
Q317209,Q1418009,1994
Q348696,Q1465181,1975
Q348696,Q1465181,1974
Q348696,Q1465181,1973
Q348696,Q1465181,1972
Q348696,Q1465181,1971
Q348696,Q1465181,1969
Q348696,Q1465181,1970
Q348696,Q674359,1972
Q348696,Q674359,1970
Q348696,Q674359,1975
Q348696,Q674359,1974
Q297146,Q845884,2012
Q270966,Q4896742,2005
Q203286,Q1501719,1991
Q16227726,Q21517440,2015
Q368561,Q31391,1962
Q368561,Q31391,1956
Q368561,Q31391,1958
Q368561,Q31391,1959
Q311546,Q6952971,2005
Q311546,Q1749049,2005
Q16227726,Q3625678,2015
Q317209,Q5599569,1993
Q317209,Q5599569,1992
Q298512,Q674359,1984
Q298512,Q674359,1986
Q298512,Q674359,1985
Q310968,Q674359,1999
Q270966,Q1501719,2004
Q10345591,Q3304648,2013
Q298512,Q1418009,1982
Q352110,Q674359,1982
Q352110,Q674359,1981
Q352110,Q674359,1980
Q352110,Q674359,1979
Q352110,Q674359,1978
Q311546,Q3625678,2005
Q16227726,Q1641970,2015
Q316577,Q106122868,2009
Q16227726,Q2666769,2015
Q311546,Q1641970,2005
Q298512,Q739499,1990
Q16227726,Q3869347,2015
Q28972128,Q4816371,2018
Q311546,Q2666769,2005
Q370006,Q4904894,2002
Q20714917,Q1749049,2016
Q311546,Q3869347,2005
Q20714917,Q21517440,2016
Q310968,Q845884,2000
Q310968,Q845884,1999
Q21294876,Q13422138,08 September 2021
Q317209,Q16251407,1993
Q317209,Q16251407,1993
Q311546,Q6925428,2005
Q310968,Q1465181,2000
Q310968,Q1465181,1999
Q298512,Q1501719,1987
Q310968,Q1501719,2002
Q348696,Q1418009,1968
Q28972128,Q3304648,2018
Q16227726,Q2404133,2015
Q16227726,Q2081740,2015
Q203286,Q1125399,1989
Q297146,Q1465181,2013
Q310968,Q1418009,1993
Q311546,Q2404133,2005
Q23542695,Q7865896,2017
Q348696,Q31391,1975
Q352696,Q644357,2009
Q107354848,Q4906518,2022
Q193020,Q1465181,2002
Q193020,Q1465181,2001
Q193020,Q1465181,2008
Q193020,Q1465181,2007
Q193020,Q1465181,2000
Q193020,Q1465181,1999
Q193020,Q1465181,2005
Q193020,Q1465181,2003
Q193020,Q674359,2007
Q193020,Q674359,2013
Q193020,Q674359,2000
Q193020,Q674359,1999
Q193020,Q674359,2005
Q193020,Q674359,1998
Q193020,Q674359,2004
Q193020,Q674359,2003
Q193020,Q674359,2002
Q193020,Q674359,2001
Q79052337,Q4906518,2020
Q79052337,Q4906518,2021
Q79052337,Q2666769,2021
Q193020,Q1418009,1998
Q94846,Q1418009,1990
Q201608,Q845884,1991
Q201608,Q845884,1990
Q193052,Q1139785,2021
Q193052,Q1501719,2012
Q136816,Q1418009,2005
Q201608,Q1465181,1992
Q201608,Q1465181,1990
Q201608,Q1465181,1996
Q201608,Q1465181,1995
Q201608,Q1465181,1993
Q201608,Q1465181,1991
Q201608,Q1465181,1989
Q221341,Q1418596,2013
Q221341,Q1418596,2012
Q201608,Q385186,1997
Q136816,Q739499,2015
Q221341,Q1465181,2002
Q221341,Q1465181,2001
Q221341,Q1465181,1999
Q221341,Q1465181,2006
Q193020,Q31391,2000
Q221341,Q674359,2000
Q221341,Q674359,1999
Q221341,Q674359,2004
Q221341,Q674359,2002
Q221341,Q674359,2001
Q193052,Q28710767,2006
Q193052,Q28710767,2001
Q193020,Q739499,2005
Q193020,Q739499,1999
Q193020,Q739499,2003
Q31683,Q4835493,2013
Q193052,Q1418009,2002
Q193020,Q1653207,2003
Q193052,Q644357,2002
Q193052,Q3320370,2015
Q79052337,Q2404133,2021
Q79052337,Q2081740,2021
Q79052337,Q2081740,2020
Q193020,Q16827133,1997
Q31683,Q739499,2006
Q193020,Q943106,2000
Q193020,Q943106,2003
Q193052,Q6008386,2017
Q193052,Q4894169,2001
Q136816,Q1465181,2014
Q193052,Q4407211,2009; 2015
Q193020,Q13425905,2015
Q193020,Q222047,2003
Q193020,Q222047,2002
Q201608,Q1535145,1997
Q31683,Q4896598,2005
Q31683,Q943106,2006
Q31683,Q674359,2010
Q31683,Q674359,2009
Q31683,Q1418009,2004
Q193052,Q30860334,2007
Q193052,Q39946570,2017
Q193020,Q644357,27 April 1998
Q242185,Q17144,2011
Q221341,Q1418009,1995
Q79052337,Q3625678,2021
Q31683,Q31391,2010
Q58590,Q63307285,18 December 2018
Q31683,Q1653207,2006
Q94846,Q1501719,2000
Q193020,Q1641970,1997
Q79052337,Q1641970,2021
Q3993198,Q23038226,2007
Q460193,Q16829557,2009
Q443412,Q4904894,2004
Q288853,Q290922,2012
Q3993198,Q6197497,2007
Q357458,Q674359,1965
Q357458,Q674359,1959
Q357458,Q674359,1960
Q357458,Q674359,1967
Q357458,Q674359,1968
Q357458,Q674359,1961
Q357458,Q674359,1962
Q357458,Q674359,1969
Q357458,Q674359,1963
Q357458,Q674359,1964
Q520357,Q3784951,2021
Q2567451,Q1418596,1999
Q357458,Q644357,1959
Q310281,Q16827133,2000
Q242185,Q222047,1958
Q242185,Q222047,1963
Q242185,Q222047,1961
Q242185,Q222047,1965
Q242185,Q222047,1962
Q1353111,Q3809120,2015
Q460193,Q644357,1957
Q918347,Q388970,2008
Q2567451,Q1418009,1989
Q535559,Q1653207,1987
Q434824,Q18156668,1975
Q594137,Q31391,1985
Q384801,Q3734778,2002
Q357458,Q31391,1959
Q2324397,Q1125399,1998
Q594137,Q1641970,1983
Q594137,Q1641970,1982
Q3993198,Q3625675,2018
Q3993198,Q3625675,2007
Q1353111,Q1418009,1964
Q3993198,Q3869984,2007
Q3993198,Q3869984,2018
Q208623,Q1418596,2003
Q201608,Q641316,1997
Q310541,Q3734778,2009
Q594137,Q1418009,1984
Q1027716,Q1501719,1979
Q535559,Q1501719,1986
Q594137,Q644357,1984
Q3993198,Q3784951,2015
Q3993198,Q3784951,2007
Q3993198,Q3784951,2018
Q1626595,Q1501719,1981
Q357458,Q388970,2006
Q585866,Q4905618,2012
Q376586,Q1125399,2012
Q1027716,Q1418009,1971
Q918347,Q1641970,1981
Q2309877,Q1125399,1997
Q3993198,Q3869346,2018
Q434824,Q674359,1976
Q434824,Q674359,1975
Q434824,Q674359,1974
Q434824,Q674359,1966
Q434824,Q674359,1967
Q951041,Q1125399,1994
Q201608,Q674359,1992
Q460193,Q918054,1973
Q1115784,Q1418009,1965
Q434824,Q1418009,1966
Q310281,Q1641970,1999
Q434824,Q644357,1966
Q594137,Q4650547,1983
Q310281,Q1418596,2006
Q1890505,Q4904894,2006
Q708639,Q918054,2005
Q310281,Q1418009,2000
Q434824,Q739499,1975
Q310281,Q644357,2000
Q1661518,Q1418009,1984
Q1353111,Q388970,2002
Q952921,Q9678710,26 January 2022
Q1661518,Q1501719,1989
Q504835,Q9678710,26 January 2002
Q520357,Q85747125,2021
Q434824,Q31391,1967
Q622308,Q4906363,2010
Q622308,Q4906363,2012
Q60286847,Q4905618,2019
Q242185,Q1653207,1968
Q1371485,Q4904894,1998
Q1371485,Q4904894,1997
Q2567550,Q3809120,2009
Q557148,Q1418596,2004
Q242185,Q39384825,2007
Q458065,Q918054,2009
Q375600,Q918054,1985
Q375600,Q918054,1992
Q375600,Q918054,1983
Q16150000,Q1749322,2016
Q622308,Q644357,2013
Q888056,Q1501719,1978
Q375767,Q1418009,1989
Q29165842,Q21528829,2019
Q375767,Q644357,1989
Q29165842,Q4816371,2019
Q888056,Q1418009,1971
Q16150000,Q4905618,2015
Q2477269,Q1125399,2005
Q1109900,Q106910608,2002
Q514456,Q674359,1953
Q514456,Q674359,1954
Q514456,Q674359,1955
Q514456,Q674359,1957
Q514456,Q674359,1958
Q514456,Q674359,1952
Q514456,Q918054,1966
Q318916,Q1418009,1996
Q645067,Q9678710,10 June 2019
Q318916,Q18156668,2007
Q29165842,Q3625678,2019
Q19968768,Q13422138,08 September 2021
Q456776,Q222047,1969
Q456776,Q674359,1969
Q456776,Q1418009,1969
Q971538,Q845884,1987
Q16228709,Q9062372,2018
Q524480,Q1641970,2001
Q456776,Q644357,1969
Q3600320,Q4906518,2000
Q971538,Q1465181,1988
Q971538,Q1465181,1987
Q971538,Q1465181,1985
Q971538,Q1465181,1984
Q971538,Q1465181,1982
Q922355,Q1125399,1993
Q526499,Q1501719,1976
Q29165842,Q1641970,2019
Q318916,Q18355821,1993
Q29165842,Q3304648,2019
Q1168929,Q1418009,1988
Q524480,Q13425905,2014
Q524480,Q1418009,2002
Q389975,Q388970,2001
Q389975,Q388970,1999
Q3600320,Q6952971,2000
Q29165842,Q2666769,2019
Q456776,Q739499,1978
Q1101335,Q844517,1993
Q29165842,Q7865896,2019
Q29165842,Q3869347,2019
Q770894,Q4904894,2012
Q921340,Q1418596,2014
Q22959154,Q13422138,08 September 2021
Q498348,Q18156668,2020
Q2567550,Q918054,1967
Q888056,Q290922,1992
Q1027929,Q1418009,1966
Q62015280,Q9062364,2019
Q380541,Q644357,2001
Q313499,Q1125399,2002
Q381746,Q1125399,2007
Q557148,Q1501719,1997
Q1027929,Q16996870,1961
Q731502,Q918054,2010
Q375767,Q31391,1995
Q456776,Q1501719,1975
Q317527,Q1125399,2006
Q381721,Q3734778,2006
Q381721,Q3734778,2005
Q29165842,Q2404133,2019
Q29165842,Q4650547,2019
Q2354921,Q3809120,1986
Q29165842,Q2081740,2019
Q354186,Q644357,2000
Q939309,Q3809120,2007
Q526499,Q1465181,1976
Q888056,Q31391,1974
Q646481,Q918054,1968
Q242185,Q31391,1963
Q389975,Q1418009,1971
Q960594,Q303970,1943
Q1070836,Q1418009,1963
Q971538,Q1501719,1986
Q389975,Q644357,1971
Q311195,Q1465181,1972
Q311195,Q1465181,1971
Q311195,Q1465181,1970
Q311195,Q1465181,1973
Q295340,Q674359,1992
Q295340,Q674359,1991
Q295340,Q674359,1990
Q295340,Q674359,1995
Q295340,Q674359,1988
Q25369,Q739499,2010
Q25369,Q739499,2009
Q311735,Q1501719,2015
Q311195,Q388970,2004
Q311195,Q388970,1995
Q311195,Q674359,1965
Q311195,Q674359,1966
Q311195,Q674359,1973
Q311195,Q674359,1967
Q311195,Q674359,1972
Q311195,Q674359,1962
Q311195,Q674359,1963
Q311195,Q674359,1970
Q311195,Q674359,1964
Q311195,Q674359,1971
Q311735,Q674359,2014
Q46040,Q4896598,2006
Q297750,Q791135,2006
Q177928,Q1465181,1986
Q177928,Q1465181,1985
Q177928,Q1465181,1984
Q177928,Q1465181,1983
Q46040,Q1465181,2014
Q46040,Q1465181,2013
Q46040,Q1465181,2012
Q46040,Q1465181,2009
Q297750,Q9387384,1985
Q177928,Q674359,1983
Q46040,Q674359,2012
Q46040,Q674359,2008
Q46040,Q674359,2014
Q46040,Q674359,2013
Q313481,Q845884,1995
Q313481,Q845884,2001
Q313481,Q845884,1998
Q313481,Q845884,1997
Q25369,Q1465181,2011
Q25369,Q1465181,2010
Q25369,Q1465181,2009
Q25369,Q1465181,2008
Q25369,Q1465181,2000
Q25369,Q1465181,2007
Q25369,Q1465181,2006
Q25369,Q1465181,2004
Q25369,Q1465181,2003
Q25369,Q222047,2008; 2006; 2009
Q313481,Q1465181,2001
Q313481,Q1465181,1998
Q313481,Q1465181,1997
Q25369,Q674359,2013
Q25369,Q674359,2007
Q25369,Q674359,2006
Q25369,Q674359,2012
Q25369,Q674359,2011
Q25369,Q674359,2010
Q25369,Q674359,2009
Q25369,Q674359,2002
Q25369,Q674359,2008
Q25369,Q674359,2004
Q25369,Q674359,2003
Q313481,Q1418009,1992
Q314185,Q674359,1953
Q314185,Q674359,1954
Q314185,Q674359,1949
Q314185,Q674359,1950
Q314185,Q674359,1952
Q314185,Q674359,1951
Q245222,Q844517,1996
Q193108,Q99526970,2003
Q193108,Q99526970,2013
Q311735,Q845884,2014
Q301757,Q1125399,2010
Q177928,Q845884,1984
Q177928,Q845884,1983
Q25369,Q31391,2007
Q25369,Q31391,2011
Q25369,Q31391,2002
Q25369,Q31391,2009
Q311735,Q1465181,2014
Q311735,Q1465181,2013
Q1458282,Q388970,1979
Q1458282,Q388970,1982
Q314185,Q31391,1953
Q926248,Q845884,2016
Q926248,Q845884,2015
Q25369,Q943106,2008
Q25369,Q943106,2010
Q150510,Q674359,1996
Q150510,Q674359,1995
Q150510,Q674359,1994
Q25369,Q4835465,2003
Q25369,Q4835465,2008
Q25369,Q4835465,2002
Q46040,Q1418009,2006
Q193108,Q13422140,13 November 2014
Q313481,Q1501719,2009
Q313481,Q1501719,2001
Q311195,Q31391,1972
Q46040,Q644357,2006
Q311195,Q739499,1969
Q25369,Q7883073,2006
Q2504840,Q13422138,08 September 2021
Q297221,Q1125399,2011
Q46040,Q31391,2013
Q25278,Q674359,2010
Q25278,Q674359,2009
Q25278,Q674359,2008
Q25278,Q674359,2012
Q25278,Q674359,2011
Q3993198,Q2404355,1992
Q1363884,Q3304648,2012
Q17305725,Q1641970,2018
Q19663167,Q1641970,2016
Q14431691,Q4906518,2014
Q297750,Q3734778,2004
Q17305725,Q2666769,2018
Q213346,Q31391,1993
Q19663167,Q2666769,2016
Q19865640,Q3625678,2016
Q17305725,Q3869347,2018
Q17305725,Q1406311,2018
Q202295,Q1125399,2001
Q3993198,Q4816370,2019
Q3993198,Q4816370,
Q3993198,Q4816370,
Q35172580,Q6589922,2018
Q136678,Q222047,2018
Q80713297,Q6925428,2020
Q25278,Q845884,2011
Q25278,Q845884,2010
Q25278,Q845884,2009
Q23541220,Q1125399,2019
Q1455879,Q1418596,1997
Q295322,Q1501719,2011
Q18611047,Q13422138,08 September 2021
Q25278,Q1465181,2012
Q25278,Q1465181,2011
Q25278,Q1465181,2010
Q25278,Q1465181,2009
Q1363884,Q16996870,2008
Q295322,Q1465181,2006
Q295322,Q1465181,2004
Q19865640,Q3869347,2016
Q136678,Q7122259,2009
Q17038792,Q7569437,2016
Q6437162,Q4905618,2016; 2015
Q50363033,Q7569437,2019
Q50363033,Q7569437,2018
Q17305725,Q2404133,2018
Q309872,Q674359,2000
Q309872,Q674359,1998
Q17305725,Q2081740,2018
Q19663167,Q2404133,2016
Q19663167,Q2081740,2016
Q22959347,Q517881,2019
Q136678,Q844517,2012
Q55367789,Q6925428,2018
Q4758911,Q644357,2015
Q25278,Q1418009,2005
Q17305725,Q6705407,2018
Q17305725,Q30682855,2015
Q202295,Q674359,2003
Q202295,Q674359,2002
Q35172580,Q3869345,2017
Q17305725,Q4905618,2018
Q295322,Q845884,2004
Q1460233,Q15243387,1964
Q1363884,Q6589922,2012
Q22959347,Q21528788,2019
Q17305725,Q18355821,2015
Q1665679,Q918054,1999
Q6829140,Q644357,2014
Q1460233,Q4791866,2014
Q213346,Q674359,1995
Q213346,Q674359,1994
Q19663167,Q4904894,2016; 2015
Q3993198,Q6589922,1992
Q71127,Q739499,1974
Q19865640,Q4906518,2016
Q77445037,Q21528788,2020
Q17302809,Q115088774,2021
Q17305725,Q3625678,2018
Q17305725,Q7350546,2018
Q896772,Q1418009,1987
Q348032,Q586458,July 2015
Q896772,Q2528836,1982
Q2274527,Q16996870,1973
Q348618,Q31391,2014
Q926248,Q743122,2019
Q456766,Q674359,1957
Q456766,Q674359,1952
Q456766,Q674359,1956
Q352093,Q918054,2000
Q4772615,Q3784951,2020
Q361178,Q1749322,1989
Q10345591,Q5988435,2017
Q641041,Q1125399,1999
Q1353754,Q844517,1997
Q335762,Q16829557,2012
Q926248,Q1125399,2012
Q361178,Q18156668,2000
Q2338212,Q18156668,1999
Q316161,Q16829557,2011
Q316161,Q31391,1971
Q361178,Q4906518,1989
Q362872,Q739499,1988
Q2274527,Q1501719,1982
Q348618,Q1418009,2012
Q375525,Q1418596,2015
Q316161,Q918054,1994
Q348618,Q644357,2012
Q456766,Q31391,1952
Q335762,Q918054,1993
Q335762,Q918054,1997
Q335762,Q918054,1990
Q361178,Q6952971,1989
Q4772615,Q3625675,2020
Q896772,Q674359,1992
Q926248,Q739499,2014
Q926248,Q739499,2019
Q335762,Q388970,2011
Q896772,Q19863818,1982
Q362872,Q674359,1991
Q362872,Q674359,1990
Q530232,Q23055174,2012
Q362872,Q1418009,1983
Q896772,Q6952971,1986
Q4772615,Q3869346,2020
Q361178,Q674359,1998
Q361178,Q674359,1997
Q361178,Q1418009,1990
Q316258,Q644357,2005
Q352093,Q1501719,1990
Q6758454,Q4904894,2013
Q2563023,Q61478580,2015
Q3607520,Q3625675,1971
Q1353754,Q1465181,1993
Q361178,Q31391,1997
Q641041,Q844517,1999
Q4772615,Q3869984,2020
Q440121,Q644357,1967
Q1089188,Q644357,1987
Q41421,Q3304648,1984
Q451780,Q674359,1976
Q451780,Q674359,1975
Q451780,Q674359,1973
Q463200,Q1418596,2002
Q440121,Q3336862,2006
Q440121,Q1501719,1977
Q930445,Q1418596,2000
Q451780,Q31391,1981
Q961660,Q918054,1970
Q963854,Q31391,1987
Q463200,Q1501719,1998
Q463200,Q1418009,1992
Q440121,Q290922,1990
Q44068,Q315026,
Q384545,Q644357,
Q2625050,Q644357,
Q459471,Q222047,
Q275183,Q7865896,
Q370275,Q5949350,
Q540498,Q644357,
Q2565934,Q7569437,
Q209982,Q634353,
Q314415,Q644357,
Q461407,Q7865896,
Q190152,Q6542686,
Q358723,Q15715251,
Q294788,Q19030089,
Q526873,Q791135,
Q314415,Q7865896,
Q586957,Q10855271,
Q209982,Q586458,
Q192955,Q15278116,
Q358723,Q21948571,
Q705206,Q505825,
Q735251,Q644357,
Q517350,Q7865896,
Q297750,Q586458,
Q526873,Q9387384,
Q595258,Q19030089,
Q314415,Q290922,
Q634812,Q7865896,
Q334702,Q19030089,
Q351032,Q19030089,
Q352668,Q19030089,
Q948237,Q644357,
Q1076942,Q1649458,
Q1348252,Q7569437,
Q1424128,Q7569437,
Q3806958,Q7569437,
Q1619365,Q1204346,
Q24200,Q5949350,
Q271933,Q644357,
Q271933,Q1418009,
Q358723,Q55697,
Q129041,Q7865896,
Q2556599,Q1418009,
Q169452,Q7569437,
Q363409,Q1649458,
Q273256,Q4581775,
Q2555801,Q3046356,
Q448245,Q644357,
Q463635,Q644357,
Q295521,Q7569437,
Q504025,Q1204346,
Q363397,Q7865896,
Q169452,Q14705795,
Q504025,Q5282987,
Q134183,Q17985761,
Q192707,Q4581775,
Q363246,Q222047,
Q517058,Q7865896,
Q372859,Q644357,
Q7051423,Q1330014,
Q319614,Q3650838,
Q317209,Q4588668,
Q460516,Q644357,
Q313510,Q5949350,
Q926311,Q137341,
Q316183,Q7569437,
Q317008,Q7569437,
Q553232,Q222047,
Q317008,Q7865896,
Q553232,Q644357,
Q504025,Q14705795,
Q352696,Q7865896,
Q14834367,Q25000687,
Q970267,Q644357,
Q312651,Q11942661,
Q918878,Q7865896,
Q2732920,Q9387384,
Q705738,Q17985761,
Q316106,Q30860334,
Q716062,Q7569437,
Q960594,Q289678,
Q725890,Q7865896,
Q3179708,Q1204346,
Q960594,Q747833,
Q960594,Q778412,
Q970476,Q778412,
Q1155161,Q7569437,
Q803821,Q6879312,
Q960594,Q2706900,
Q1242197,Q5949350,
Q706052,Q10762848,
Q970476,Q3517653,
Q316577,Q30860334,
Q358723,Q111512907,
Q1606826,Q7569437,
Q1616789,Q7569437,
Q1616789,Q7569437,
Q3675554,Q7569437,
Q3701374,Q7569437,
Q611560,Q3937000,
Q1629914,Q7569437,
Q13562909,Q7569437,
Q221341,Q7865896,
Q470936,Q586458,
Q348032,Q16458825,
Q348032,Q16458824,
Q611560,Q8350798,
Q1077437,Q5949350,
Q1061731,Q7569437,
Q929320,Q644357,
Q348032,Q20504475,
Q822531,Q7569437,
Q1200330,Q7569437,
Q504336,Q7865896,
Q1280005,Q7865896,
Q930309,Q7569437,
Q6110020,Q7865896,
Q570415,Q7569437,
Q570415,Q7569437,
Q316580,Q19030089,
Q19667582,Q7569437,
Q1626495,Q5949350,
Q1626545,Q6879312,
Q922355,Q7569437,
Q922355,Q7865896,
Q2267320,Q644357,
Q1342300,Q644357,
Q2339308,Q6879312,
Q1607746,Q6879312,
Q6123268,Q7865896,
Q1450899,Q4873930,
Q2471705,Q7569437,
Q2573187,Q3046356,
Q80713297,Q8679,
Q2565814,Q7569437,
Q6758454,Q7865896,
Q2318756,Q7569437,
Q2583850,Q644357,
Q8037275,Q5949350,
Q2607807,Q3362502,
Q3610467,Q928314,
Q2714829,Q5949350,
Q3809737,Q7569437,
Q3874076,Q16156105,
Q3830275,Q18128982,
Q3931728,Q7569437,
Q3993198,Q7767287,
Q337370,Q7569437,
Q337370,Q7865896,
Q588764,Q644357,
Q971538,Q505825,
Q3993198,Q23055149,
Q166871,Q5949350,
Q511111,Q7865896,
Q208623,Q5949350,
Q504835,Q586458,
Q1101335,Q5949350,
Q58590,Q63072128,
Q975066,Q644357,
Q1352026,Q644357,
Q297750,Q112451,
Q297750,Q478850,
Q297750,Q583881,
Q297750,Q634353,
Q530134,Q5949350,
Q348032,Q791135,
Q348032,Q960966,
Q297750,Q2702840,
Q361178,Q840582,
Q208623,Q18355821,
Q941832,Q7865896,
Q316258,Q5949350,
Q193108,Q10855271,
Q521511,Q644357,
Q311533,Q7569437,
Q1424502,Q7569437,
Q335762,Q7569437,
Q221341,Q644357,
Q371250,Q19030089,
Q443412,Q17062168,
Q348032,Q9387384,
Q611560,Q1387630,
Q611560,Q1388149,
Q611560,Q1418009,
Q611560,Q1987426,
Q318916,Q137341,
Q611560,Q2613195,
