:START_ID(Player),:END_ID(Team),time
Q51337526,Q128109,2018
Q60951627,Q170558,2020
Q32860369,Q163480,2018
Q28741203,Q163480,2020
Q926248,Q170329,2011
Q1195813,Q2928124,21 March 1949
Q63070175,Q976396,2019
Q3809718,Q131371,01 July 1947
Q29045037,Q169165,2018
Q559449,Q162990,2009
Q656414,Q170558,24 June 2010
Q2346231,Q157376,1984
Q2561861,Q169138,2008
Q2698565,Q131364,01 July 1947
Q51337307,Q159893,2018
Q29165842,Q172339,2019
Q440382,Q138089,24 June 2010
Q85792426,Q128109,2020
Q18921278,Q170329,2018
Q22959154,Q131364,2017
Q47543119,Q169661,2019
Q54311721,Q159893,2018
Q21620668,Q169138,2017
Q49692513,Q167253,2018
Q55138460,Q128109,2019
Q55136065,Q976396,2018
Q21623063,Q131371,2017
Q50938690,Q138089,2019
Q2429412,Q128109,24 June 2010
Q56250275,Q164177,2020
Q3706951,Q131364,01 July 1947
Q313486,Q163480,1999
Q19864618,Q170649,2018
Q28731753,Q128109,2017
Q23542695,Q121783,2017
Q622308,Q167253,28 June 2012
Q60674264,Q121783,2019
Q20714917,Q132880,2016
Q1317442,Q180950,24 June 2010
Q28972128,Q166105,21 June 2018
Q2419972,Q159729,24 June 2010
Q1363861,Q572134,24 June 2010
Q61959905,Q169138,2019
Q2734374,Q169165,2007
Q28151848,Q131371,2018
Q44858580,Q159893,2020
Q2508597,Q169165,2010
Q63117693,Q162990,2019
Q28810445,Q162954,2018
Q50380184,Q170649,2020
Q61173132,Q167253,2020
Q382809,Q131371,01 July 1947
Q58422637,Q169637,2020
Q63112754,Q169138,2020
Q965310,Q161345,1998
Q24439139,Q170329,2017
Q2568175,Q167253,1982
Q973121,Q170329,24 June 2010
Q62083550,Q138089,1981
Q28054144,Q132880,2017
Q41421,Q128109,19 June 1984
Q24572649,Q180950,2017
Q2390225,Q165529,24 June 2010
Q20710441,Q167253,2017
Q2309475,Q138089,1992
Q275889,Q121783,2007
Q72941595,Q159729,2023
Q2429069,Q170558,24 June 2010
Q1693481,Q170329,2006
Q62764548,Q976396,2019
Q55386735,Q159729,2019
Q27926032,Q170329,2019
Q1195813,Q131364,01 July 1947
Q21622110,Q163480,2017
Q29048308,Q572134,2017
Q2664233,Q159893,24 June 2010
Q88234141,Q180950,2022
Q29109468,Q170649,2017
Q55614905,Q157376,2020
Q611372,Q169661,24 June 2010
Q26704887,Q132893,2017
Q510816,Q572134,24 June 2010
Q19706820,Q170558,2017
Q1627416,Q138089,1994
Q23880401,Q166105,2017
Q21621436,Q170649,2017
Q3820613,Q166105,1982
Q370268,Q169138,2002
Q19844712,Q159893,21 June 2018
Q48842,Q157376,2012
Q17465755,Q169637,2016
Q61787946,Q157376,2019
Q51580022,Q170649,2019
Q964139,Q161345,24 June 2010
Q1114256,Q172339,24 June 2010
Q898177,Q167253,2008
Q3759443,Q131371,01 July 1947
Q23800231,Q138089,2018
Q63190352,Q166105,2020
Q60736578,Q169138,2019
Q1363177,Q165529,24 June 2010
Q53846950,Q169165,2019
Q63042439,Q169661,2019
Q55642429,Q131371,2019
Q36159,Q162990,26 June 2003
Q62083526,Q138089,1980
Q28450897,Q165529,2018
Q82831692,Q159729,2020
Q24572734,Q138089,2017
Q554866,Q159729,2009
Q48857995,Q167253,2019
Q44968365,Q138089,2018
Q963613,Q2928124,01 July 1947
Q3723567,Q2928124,01 July 1947
Q3935014,Q121783,1970
Q66309754,Q162990,2020
Q1424414,Q161345,1983
Q2557724,Q169138,2005
Q1034012,Q162990,24 June 2010
Q19757619,Q164177,2017
Q736301,Q166105,2011
Q53397350,Q162990,2019
Q2334056,Q169165,2002
Q134183,Q121783,1979
Q2632351,Q169637,2010
Q930445,Q169637,1995
Q3703886,Q121783,1997
Q18706123,Q132880,2015
Q62860683,Q138089,2020
Q62113739,Q170558,2020
Q2713164,Q180950,24 June 2010
Q919197,Q170649,24 June 2010
Q3805594,Q131371,01 July 1947
Q58008659,Q161337,2020
Q513749,Q2928124,01 July 1947
Q1554023,Q138089,2015
Q963613,Q131364,10 May 1948
Q13606007,Q169637,2013
Q64759181,Q170649,2019
Q965531,Q157376,24 June 2010
Q75060241,Q131364,2020
Q27999533,Q169661,2019
Q775144,Q157376,2007
Q27925506,Q976396,2018
Q352159,Q157376,2009
Q2462787,Q161337,24 June 2010
Q29438680,Q121783,2017
Q51247599,Q131364,2019
Q2271388,Q138089,1999
Q32076468,Q131371,2019
Q928064,Q170558,24 June 2010
Q61968876,Q138089,2019
Q115509,Q162990,
Q127125,Q132893,
Q144703,Q159893,
Q161817,Q131371,
Q181601,Q128109,
Q205326,Q128109,
Q220565,Q572134,
Q265692,Q167253,
Q270981,Q164177,
Q275183,Q164177,
Q281499,Q167253,
Q286765,Q169661,
Q294788,Q170649,
Q298531,Q131371,
Q298981,Q166105,
Q310108,Q157376,
Q311895,Q169661,
Q313488,Q169637,
Q316256,Q169661,
Q318926,Q121783,
Q318929,Q170329,
Q319336,Q169637,
Q350464,Q163480,
Q352319,Q157376,
Q355750,Q121783,
Q357757,Q170649,
Q358093,Q165529,
Q358723,Q164177,
Q361134,Q132880,
Q360894,Q170649,
Q366607,Q159893,
Q368573,Q131364,
Q370275,Q161345,
Q371224,Q163480,
Q380018,Q132880,
Q428535,Q163480,
Q449642,Q121783,
Q449245,Q159729,
Q461407,Q169637,
Q461825,Q164177,
Q459471,Q572134,
Q384545,Q2928124,
Q507094,Q159893,
Q520368,Q170558,
Q521859,Q159729,
Q524908,Q121783,
Q525613,Q161345,
Q537972,Q169138,
Q540498,Q169165,
Q547400,Q121783,
Q549180,Q157376,
Q552014,Q131371,
Q553505,Q162990,
Q553318,Q169637,
Q555477,Q166105,
Q557508,Q161337,
Q558663,Q169661,
Q562764,Q169138,
Q539560,Q976396,
Q568335,Q169661,
Q548735,Q976396,
Q558601,Q976396,
Q590253,Q157376,
Q595258,Q162990,
Q600804,Q131371,
Q617619,Q170558,
Q628422,Q161337,
Q641523,Q169165,
Q648447,Q159893,
Q715618,Q170649,
Q716316,Q163480,
Q720679,Q167253,
Q724581,Q170558,
Q739699,Q169637,
Q781072,Q169661,
Q862328,Q157376,
Q911981,Q169661,
Q918855,Q169637,
Q918916,Q169661,
Q926364,Q169637,
Q928003,Q121783,
Q932833,Q167253,
Q938769,Q138089,
Q941813,Q121783,
Q944029,Q162954,
Q953837,Q138089,
Q953338,Q161345,
Q961491,Q164177,
Q962929,Q162990,
Q964976,Q121783,
Q967072,Q162990,
Q969401,Q131364,
Q948037,Q976396,
Q984367,Q162954,
Q1101719,Q166105,
Q1111983,Q169138,
Q24200,Q163480,
Q40657,Q161345,
Q47073,Q128109,
Q60971,Q159893,
Q17386097,Q167253,2017
Q23541220,Q132880,2016
Q63133148,Q163480,2019
Q3446792,Q162954,2013
Q22958459,Q164177,21 June 2018
Q82831721,Q161337,2021
Q60323818,Q170558,2019
Q55277654,Q128109,25 June 1979
Q29044421,Q162990,2018
Q427428,Q165529,24 June 2010
Q42302125,Q169165,2020
Q22959347,Q169165,2019
Q18685899,Q169661,2016
Q52456473,Q164177,2018
Q24761491,Q169637,2016
Q64010219,Q572134,2019
Q609300,Q169138,2004
Q56513207,Q172339,2019
Q1282320,Q132880,24 June 2010
Q28935742,Q159893,2017
Q24686369,Q138089,2018
Q51337517,Q170558,2018
Q32786169,Q131364,2019
Q18644229,Q162954,2016
Q313479,Q169165,1985
Q5289916,Q161337,2016
Q464312,Q166105,24 June 2010
Q50363033,Q131371,2019
Q645386,Q162990,1996
Q77445037,Q572134,2020
Q3646793,Q131371,01 July 1947
Q369532,Q159729,2008
Q58974788,Q162990,2019
Q2699577,Q166105,2011
Q430263,Q167253,24 June 2010
Q427720,Q976396,24 June 2010
Q62127792,Q170649,2019
Q2419943,Q157376,2005
Q22999836,Q121783,2018
Q30122104,Q162954,2017
Q2458102,Q164177,2003
Q29044852,Q163480,2019
Q60950296,Q121783,2020
Q51683022,Q157376,2018
Q27909430,Q166105,2019
Q64822039,Q166105,2019
Q313479,Q976396,1983
Q55102402,Q132893,2020
Q28925029,Q128109,2018
Q62031912,Q170558,2019
Q76438339,Q162954,2020
Q23771652,Q166105,2016
Q41802407,Q128109,22 June 1987
Q27922413,Q161337,2017
Q647405,Q132893,1999
Q2733947,Q128109,2006
Q30122669,Q159729,2017
Q1459540,Q131371,1964
Q61660709,Q164177,2019
Q936680,Q121783,1973
Q942425,Q128109,2000
Q82831609,Q131371,2020
Q166871,Q163480,2011
Q29045112,Q132893,2018
Q51337300,Q157376,2019
Q64009610,Q172339,2019
Q3643499,Q157376,1985
Q6160398,Q170649,2014
Q58494697,Q128109,2019
Q337370,Q169165,24 June 2010
Q92198887,Q161337,2022
Q47501215,Q169661,2020
Q19577360,Q572134,2018
Q971393,Q976396,2007
Q54860931,Q164177,2019
Q50820763,Q157376,2019
Q27919944,Q131364,2018
Q29545,Q3307390,2007
Q29318958,Q161337,2018
Q33120424,Q159729,1977
Q37486462,Q162954,2019
Q28935925,Q169661,2017
Q56087018,Q180950,2019
Q51120738,Q159729,2019
Q717573,Q131371,24 June 2010
Q47492916,Q131371,2019
Q17038792,Q164177,2016
Q19663167,Q172339,2016
Q55433150,Q180950,2020
Q3616538,Q131364,01 July 1947
Q64744025,Q169661,2019
Q78170313,Q131371,2020
Q32318040,Q131371,2020
Q932863,Q170558,2009
Q80713297,Q132880,2020
Q55368019,Q163480,2019
Q51318989,Q169637,2018
Q29167241,Q169637,2017
Q44741149,Q132880,2019
Q746616,Q180950,24 June 2010
Q1132507,Q128109,
Q1132738,Q169165,
Q1132834,Q169661,
Q1170394,Q169165,
Q1209671,Q121783,
Q1347527,Q157376,
Q1348252,Q169165,
Q1364009,Q170649,
Q1364234,Q170649,
Q1393488,Q128109,
Q1392517,Q166105,
Q1424128,Q131371,
Q1439529,Q164177,
Q1444910,Q161345,
Q1453417,Q157376,
Q1455883,Q170649,
Q1458383,Q121783,
Q1463357,Q169165,
Q1469007,Q976396,
Q1508678,Q169661,
Q1530759,Q165529,
Q1606849,Q132893,
Q1607188,Q128109,
Q1607317,Q131371,
Q1606682,Q157376,
Q1607761,Q167253,
Q1608322,Q157376,
Q1608253,Q161345,
Q1608677,Q162954,
Q1610216,Q169165,
Q1612357,Q132893,
Q1612751,Q159893,
Q1615621,Q138089,
Q1618809,Q121783,
Q1618677,Q159893,
Q1618767,Q170649,
Q1621405,Q161337,
Q1622172,Q159893,
Q1622327,Q169637,
Q1623156,Q167253,
Q1623309,Q162990,
Q1627029,Q128109,
Q1627238,Q121783,
Q1626986,Q138089,
Q1626562,Q157376,
Q1626563,Q169661,
Q1630075,Q167253,
Q1618750,Q572134,
Q1639772,Q132893,
Q1620080,Q976396,
Q1627828,Q976396,
Q1689849,Q163480,
Q1748572,Q170649,
Q2068145,Q157376,
Q2084533,Q170649,
Q2187615,Q167253,
Q2318726,Q159729,
Q2318776,Q169637,
Q2325791,Q159893,
Q2326383,Q162990,
Q2326997,Q159893,
Q2330697,Q169165,
Q2331924,Q161345,
Q2332130,Q161345,
Q2332151,Q169165,
Q2335270,Q131371,
Q2335114,Q161345,
Q2337476,Q131371,
Q2336889,Q166105,
Q2339862,Q131371,
Q2340598,Q131371,
Q2343067,Q131371,
Q2342369,Q162990,
Q2345204,Q131371,
Q2331957,Q572134,
Q2352855,Q167253,
Q2354822,Q162990,
Q2357845,Q162954,
Q2360278,Q164177,
Q2450451,Q170329,
Q2450971,Q157376,
Q2452465,Q169165,
Q2453176,Q170649,
Q2502090,Q166105,
Q2519395,Q161345,
Q2526170,Q161337,
Q2527111,Q166105,
Q2529656,Q161337,
Q2532704,Q163480,
Q2539924,Q169661,
Q2555801,Q159893,
Q2556438,Q170558,
Q2556925,Q166105,
Q2565114,Q159893,
Q2566731,Q157376,
Q2566735,Q167253,
Q2566860,Q169661,
Q2567350,Q166105,
Q2556599,Q572134,
Q2558920,Q976396,
Q2569309,Q172339,
Q2586316,Q157376,
Q2608531,Q131364,
Q2627014,Q132893,
Q2627577,Q159893,
Q2640578,Q180950,
Q2664185,Q170558,
Q2724813,Q132893,
Q2733498,Q131364,
Q2733826,Q159893,
Q2734737,Q170649,
Q2736194,Q131371,
Q2888461,Q169165,
Q3013147,Q162954,
Q3445677,Q976396,
Q3607477,Q121783,
Q3613321,Q164177,
Q3615442,Q162954,
Q3618537,Q162954,
Q3624027,Q166105,
Q3624013,Q169661,
Q3638842,Q164177,
Q3641265,Q131364,
Q3641294,Q138089,
Q3641279,Q159893,
Q3646289,Q161345,
Q3666350,Q131371,
Q3675535,Q166105,
Q3680582,Q131364,
Q3679821,Q164177,
Q3702840,Q163480,
Q3703121,Q166105,
Q3704260,Q164177,
Q3705888,Q161345,
Q3706938,Q131364,
Q3706961,Q169661,
Q3714021,Q162990,
Q3718868,Q169637,
Q3747853,Q162990,
Q3735165,Q572134,
Q3751848,Q157376,
Q3751850,Q169637,
Q3758488,Q169637,
Q3760658,Q131371,
Q3760444,Q138089,
Q3760635,Q169661,
Q3776449,Q159729,
Q3776403,Q170329,
Q3779876,Q167253,
Q3787268,Q169165,
Q3787251,Q170649,
Q3802378,Q169661,
Q3808370,Q121783,
Q3808707,Q131371,
Q3807799,Q159729,
Q3807993,Q169138,
Q3809053,Q162990,
Q3809657,Q159893,
Q3814327,Q128109,
Q3814825,Q128109,
Q3814458,Q169661,
Q3814636,Q170329,
Q3816491,Q169661,
Q3826506,Q157376,
Q3814501,Q976396,
Q3849644,Q167253,
Q3837892,Q572134,
Q3857427,Q164177,
Q3857459,Q166105,
Q3869143,Q170558,
Q3876044,Q164177,
Q3887091,Q161345,
Q3901321,Q161345,
Q3929815,Q128109,
Q3930049,Q131371,
Q3938468,Q170649,
Q3940077,Q121783,
Q3940974,Q131364,
Q3942138,Q121783,
Q3940961,Q159893,
Q3941012,Q161345,
Q3942016,Q159893,
Q3946360,Q159893,
Q3946369,Q169637,
Q3952854,Q128109,
Q3952842,Q169138,
Q3959061,Q138089,
Q3960170,Q128109,
Q3959244,Q167253,
Q3973344,Q161345,
Q3984803,Q138089,
Q3991386,Q157376,
Q3992521,Q131364,
Q3992546,Q159893,
Q3992520,Q167253,
Q3998512,Q159893,
Q4011063,Q157376,
Q4017842,Q159893,
Q3992472,Q976396,
Q4024087,Q513372,
Q18057253,Q161337,
Q4731604,Q162990,
Q180860,Q166105,
Q190152,Q131371,
Q190094,Q138089,
Q192955,Q164177,
Q18373749,Q131364,
Q195168,Q169661,
Q209982,Q167253,
Q264533,Q138089,
Q274469,Q164177,
Q310411,Q162990,
Q313045,Q121783,
Q312643,Q159893,
Q313485,Q170558,
Q314415,Q161337,
Q314614,Q157376,
Q316261,Q167253,
Q317037,Q169165,
Q317583,Q166105,
Q5126418,Q138089,
Q336030,Q166105,
Q348598,Q169661,
Q351032,Q167253,
Q352140,Q132880,
Q357096,Q159893,
Q358108,Q131364,
Q364295,Q169661,
Q370561,Q161345,
Q372408,Q169165,
Q373871,Q169637,
Q377852,Q121783,
Q376523,Q163480,
Q352741,Q976396,
Q382285,Q132893,
Q389136,Q138089,
Q390274,Q131364,
Q439037,Q131371,
Q18619686,Q169165,
Q440121,Q169661,
Q443730,Q161345,
Q451780,Q166105,
Q458124,Q166105,
Q18638186,Q169138,
Q5268445,Q121783,
Q463212,Q131364,
Q463074,Q164177,
Q463200,Q169138,
Q508026,Q138089,
Q516314,Q169661,
Q517350,Q170329,
Q521931,Q159893,
Q526873,Q159893,
Q533101,Q131364,
Q525461,Q976396,
Q552935,Q159893,
Q553228,Q170649,
Q554027,Q169661,
Q555127,Q138089,
Q555198,Q172339,
Q557841,Q161345,
Q558668,Q167253,
Q573600,Q167253,
Q576196,Q169661,
Q18978032,Q169165,
Q5768412,Q138089,
Q14834367,Q131364,
Q10516040,Q170558,
Q19561541,Q131371,
Q19564111,Q170329,
Q19662887,Q131371,
Q10831393,Q165529,
Q6388402,Q159893,
Q29109873,Q128109,
Q6932895,Q121783,
Q7000561,Q169165,
Q17717,Q166105,
Q15937973,Q159893,
Q23943,Q166105,
Q24519,Q165529,
Q48845,Q163480,
Q60478,Q976396,
Q16122809,Q169165,
Q20657373,Q162954,
Q16227425,Q170649,
Q16228087,Q170329,
Q16240120,Q169637,
Q20711122,Q131371,
Q20711111,Q162954,
Q7488132,Q159893,
Q7614435,Q180950,
Q7822525,Q170649,
Q7926203,Q161337,
Q16942249,Q170649,
Q8040740,Q976396,
Q17183020,Q159729,
Q17183216,Q162954,
Q17580192,Q159893,
Q4266611,Q138089,
Q4356763,Q121783,
Q577502,Q161337,
Q581976,Q169637,
Q586182,Q138089,
Q587569,Q170649,
Q611756,Q132893,
Q622213,Q138089,
Q634770,Q159893,
Q634812,Q162954,
Q640300,Q159729,
Q641345,Q128109,
Q649548,Q166105,
Q659284,Q159729,
Q666812,Q121783,
Q671294,Q128109,
Q676808,Q162990,
Q678639,Q167253,
Q680038,Q157376,
Q581074,Q3307390,
Q705206,Q162990,
Q718789,Q172339,
Q735251,Q169165,
Q742049,Q138089,
Q744920,Q170329,
Q662773,Q3307390,
Q764756,Q159893,
Q770083,Q132893,
Q771496,Q164177,
Q775378,Q131364,
Q778308,Q170649,
Q769722,Q572134,
Q893223,Q162990,
Q908715,Q162990,
Q921771,Q170558,
Q924575,Q121783,
Q924913,Q165529,
Q926153,Q131371,
Q929663,Q159893,
Q933952,Q162990,
Q938023,Q157376,
Q941349,Q159729,
Q944821,Q131371,
Q945896,Q157376,
Q948237,Q166105,
Q958366,Q167253,
Q958710,Q161345,
Q961786,Q157376,
Q965431,Q128109,
Q965688,Q128109,
Q952463,Q572134,
Q982558,Q169661,
Q983599,Q138089,
Q984074,Q572134,
Q1032471,Q164177,
Q1076942,Q167253,
Q1121849,Q169661,
Q1132672,Q169138,
Q1112016,Q976396,
Q1167795,Q166105,
Q1173006,Q169165,
Q1260757,Q159893,
Q1266392,Q138089,
Q1267622,Q166105,
Q1354036,Q138089,
Q1362580,Q132880,
Q1377443,Q169138,
Q1385557,Q170329,
Q1386659,Q161345,
Q1390262,Q161345,
Q1390766,Q166105,
Q1424495,Q128109,
Q1424397,Q163480,
Q1439541,Q159729,
Q1445196,Q128109,
Q1458255,Q161345,
Q1458320,Q170329,
Q1463192,Q163480,
Q1463719,Q169661,
Q1560424,Q166105,
Q1590021,Q167253,
Q1606675,Q121783,
Q1606859,Q121783,
Q1607991,Q128109,
Q1608479,Q138089,
Q1608898,Q157376,
Q1609491,Q169661,
Q1617065,Q138089,
Q1616709,Q157376,
Q1616754,Q157376,
Q1616801,Q159729,
Q1616732,Q170649,
Q1617800,Q161337,
Q1617911,Q161345,
Q1617925,Q161345,
Q1619249,Q157376,
Q1621428,Q128109,
Q1621720,Q128109,
Q1622114,Q121783,
Q1621417,Q170649,
Q1616777,Q976396,
Q1619365,Q976396,
Q1622734,Q121783,
Q1622122,Q157376,
Q1622153,Q170329,
Q1623147,Q157376,
Q1623189,Q157376,
Q1622889,Q169661,
Q1626844,Q131364,
Q1626442,Q159893,
Q1626618,Q162990,
Q1626497,Q170329,
Q1627361,Q163480,
Q1628889,Q121783,
Q1629965,Q169637,
Q1632186,Q128109,
Q1632215,Q161337,
Q1632228,Q162954,
Q1634599,Q170649,
Q1636927,Q131364,
Q1638149,Q161337,
Q1626424,Q976396,
Q1630655,Q976396,
Q1683887,Q169637,
Q2241186,Q163480,
Q2308671,Q162954,
Q2309496,Q169165,
Q2317040,Q169165,
Q2319183,Q121783,
Q2318539,Q159729,
Q2326677,Q131364,
Q2327023,Q167253,
Q2326977,Q169661,
Q2327180,Q169637,
Q2329287,Q121783,
Q2329828,Q166105,
Q2331939,Q131364,
Q2331010,Q169661,
Q2333148,Q121783,
Q2332410,Q161345,
Q2334128,Q161345,
Q2334047,Q166105,
Q2338196,Q131371,
Q2329803,Q572134,
Q2344573,Q159893,
Q2350312,Q169637,
Q2355167,Q170649,
Q2400019,Q131371,
Q2308704,Q3307390,
Q2419803,Q166105,
Q2332240,Q2928124,
Q2529214,Q572134,
Q2555611,Q165529,
Q2561896,Q159893,
Q2565032,Q131364,
Q2565064,Q169165,
Q2566919,Q128109,
Q2566442,Q166105,
Q2558243,Q976396,
Q2589648,Q132893,
Q2604182,Q131364,
Q2625359,Q159893,
Q2627251,Q170329,
Q2642159,Q172339,
Q2700323,Q157376,
Q2701571,Q131371,
Q2714935,Q169661,
Q2739148,Q162990,
Q2897012,Q159893,
Q3194911,Q132893,
Q3559659,Q169661,
Q3569388,Q164177,
Q3613451,Q164177,
Q3618485,Q164177,
Q3624252,Q159893,
Q3639960,Q157376,
Q3640007,Q157376,
Q3639953,Q159893,
Q3641333,Q157376,
Q3641291,Q159893,
Q3641335,Q159893,
Q3641356,Q166105,
Q3646218,Q132893,
Q3645499,Q157376,
Q3658565,Q170649,
Q3664160,Q159893,
Q3665714,Q162990,
Q3666618,Q166105,
Q3666689,Q167253,
Q3675554,Q157376,
Q3675471,Q161337,
Q3680667,Q121783,
Q3699432,Q159893,
Q3701374,Q132893,
Q3701497,Q166105,
Q3703054,Q128109,
Q3703027,Q131364,
Q3703053,Q131371,
Q3703896,Q131364,
Q3703301,Q170649,
Q3706949,Q128109,
Q3641332,Q2928124,
Q29342,Q121783,
Q42079,Q128109,
Q60118,Q131364,
Q65039,Q162990,
Q4120761,Q513372,
Q22005682,Q157376,
Q4490728,Q131371,
Q13605975,Q170558,
Q4732527,Q131364,
Q18158796,Q169165,
Q4821393,Q131364,
Q4977398,Q166105,
Q5228882,Q157376,
Q5256411,Q131364,
Q14324145,Q159893,
Q5482711,Q513372,
Q5525214,Q128109,
Q5586369,Q170649,
Q5837659,Q121783,
Q6197670,Q138089,
Q6199952,Q159893,
Q19605398,Q121783,
Q72353,Q162990,
Q6372315,Q170558,
Q6387364,Q170649,
Q6402649,Q131364,
Q10917065,Q132893,
Q19881847,Q170649,
Q19973718,Q169637,
Q6922982,Q169661,
Q29281952,Q131371,
Q16236789,Q169637,
Q20979199,Q172339,
Q21039421,Q976396,
Q16730417,Q162990,
Q21260552,Q170649,
Q16910147,Q162954,
Q3706956,Q170329,
Q3713595,Q138089,
Q3718838,Q138089,
Q3748456,Q159729,
Q3752620,Q166105,
Q3759430,Q169637,
Q3760872,Q131371,
Q3760461,Q169661,
Q3760553,Q169637,
Q3760626,Q169165,
Q3775791,Q167253,
Q3776411,Q164177,
Q3783483,Q161345,
Q3805708,Q128109,
Q3805632,Q166105,
Q3808336,Q121783,
Q3808701,Q131364,
Q3808386,Q159893,
Q3808114,Q169661,
Q3808335,Q166105,
Q3808382,Q170329,
Q3809703,Q131371,
Q3809081,Q159893,
Q3809213,Q170649,
Q3809519,Q169661,
Q3814335,Q128109,
Q3814492,Q131364,
Q3814512,Q161345,
Q3814814,Q167253,
Q3815277,Q167253,
Q3827135,Q131364,
Q3838976,Q132893,
Q3849433,Q162954,
Q3849539,Q170329,
Q3854072,Q169165,
Q3857364,Q128109,
Q3857391,Q131364,
Q3862090,Q159893,
Q3857437,Q572134,
Q3808305,Q2928124,
Q3930034,Q162990,
Q3931724,Q169661,
Q3931731,Q167253,
Q3935021,Q121783,
Q3934732,Q164177,
Q3934740,Q169165,
Q3935041,Q164177,
Q3934866,Q170329,
Q17306022,Q167253,
Q3941143,Q162954,
Q3940982,Q169661,
Q3934757,Q976396,
Q3962534,Q169165,
Q3973345,Q162990,
Q3973366,Q164177,
Q3973462,Q162990,
Q3992239,Q131371,
Q3992485,Q138089,
Q3993254,Q131364,
Q3993237,Q169661,
Q4017908,Q157376,
Q4018612,Q157376,
Q4020223,Q162954,
Q125060,Q164177,
Q129041,Q162954,
Q131942,Q165529,
Q163754,Q166105,
Q169452,Q161337,
Q182455,Q157376,
Q199896,Q170649,
Q209921,Q169637,
Q213132,Q159729,
Q240278,Q169661,
Q241261,Q157376,
Q271933,Q131364,
Q273256,Q161345,
Q278203,Q170329,
Q295521,Q169661,
Q302068,Q128109,
Q314621,Q121783,
Q313487,Q167253,
Q315104,Q164177,
Q316246,Q131364,
Q324842,Q170649,
Q325977,Q166105,
Q348734,Q128109,
Q351802,Q138089,
Q352168,Q159729,
Q352118,Q170649,
Q358102,Q169165,
Q359370,Q170558,
Q360955,Q161345,
Q363409,Q159893,
Q363397,Q166105,
Q372422,Q169661,
Q377693,Q161345,
Q380515,Q131364,
Q367117,Q572134,
Q428720,Q121783,
Q442623,Q131371,
Q443724,Q157376,
Q448245,Q164177,
Q352073,Q3307390,
Q460116,Q169165,
Q463635,Q163480,
Q471576,Q976396,
Q504025,Q131364,
Q512356,Q162990,
Q517058,Q159893,
Q521908,Q170329,
Q523646,Q128109,
Q523214,Q159893,
Q523630,Q164177,
Q542256,Q138089,
Q543566,Q159893,
Q547217,Q167253,
Q548382,Q164177,
Q549899,Q138089,
Q553063,Q169165,
Q555100,Q131371,
Q555411,Q131371,
Q557194,Q132880,
Q557878,Q167253,
Q538009,Q976396,
Q573036,Q170558,
Q578465,Q166105,
Q597939,Q131371,
Q599161,Q128109,
Q600960,Q167253,
Q633913,Q138089,
Q657378,Q167253,
Q674520,Q162990,
Q681243,Q169165,
Q706180,Q170649,
Q707870,Q166105,
Q714640,Q132893,
Q716081,Q131364,
Q716638,Q157376,
Q717532,Q169637,
Q718669,Q159893,
Q719891,Q131371,
Q720821,Q132893,
Q729281,Q157376,
Q732825,Q169138,
Q733261,Q169661,
Q739832,Q162954,
Q763614,Q132893,
Q764130,Q169661,
Q781069,Q170329,
Q781176,Q172339,
Q787999,Q169138,
Q892931,Q167253,
Q914125,Q131364,
Q914127,Q159729,
Q918878,Q131371,
Q920007,Q138089,
Q921511,Q169138,
Q924857,Q131371,
Q926337,Q132893,
Q926164,Q170649,
Q926311,Q169637,
Q928077,Q162954,
Q926284,Q572134,
Q2241174,Q170329,
Q2252657,Q138089,
Q2275193,Q131371,
Q2288198,Q157376,
Q2291089,Q132880,
Q2308083,Q131371,
Q2308556,Q166105,
Q2309134,Q163480,
Q2311290,Q157376,
Q2312912,Q132880,
Q2316224,Q169165,
Q2317740,Q161345,
Q2326357,Q169661,
Q2326964,Q159893,
Q2327074,Q169661,
Q2329453,Q121783,
Q2328059,Q167253,
Q2329792,Q131364,
Q2330086,Q166105,
Q2332058,Q161337,
Q2332223,Q166105,
Q930443,Q128109,
Q929291,Q166105,
Q933485,Q164177,
Q935758,Q131364,
Q937398,Q131364,
Q939240,Q164177,
Q940284,Q166105,
Q943368,Q162990,
Q944477,Q157376,
Q955247,Q157376,
Q963977,Q131364,
Q964778,Q172339,
Q966827,Q132880,
Q966111,Q169165,
Q970267,Q169661,
Q975550,Q170329,
Q953972,Q976396,
Q963854,Q976396,
Q964580,Q976396,
Q995314,Q170649,
Q1047188,Q164177,
Q1089188,Q170329,
Q1097554,Q166105,
Q1101154,Q131371,
Q1118250,Q166105,
Q1132658,Q159893,
Q1120799,Q572134,
Q1155161,Q164177,
Q1164595,Q169637,
Q1242197,Q170558,
Q1273409,Q976396,
Q1364214,Q131364,
Q1363787,Q170649,
Q1377226,Q170649,
Q1424436,Q132893,
Q1424462,Q159893,
Q1458187,Q121783,
Q1463599,Q121783,
Q1607286,Q131371,
Q1606826,Q157376,
Q1606842,Q166105,
Q1606753,Q169138,
Q1607296,Q166105,
Q1608950,Q131364,
Q1608041,Q169661,
Q1608491,Q169165,
Q1610282,Q131371,
Q1609464,Q159893,
Q1615283,Q169661,
Q1615679,Q164177,
Q1617163,Q138089,
Q1617484,Q132893,
Q1616789,Q169165,
Q1617210,Q164177,
Q1618113,Q161337,
Q1618149,Q167253,
Q1621440,Q131371,
Q1620249,Q169165,
Q1621443,Q162954,
Q1622405,Q164177,
Q1622762,Q167253,
Q1626604,Q131371,
Q1626478,Q169637,
Q1627389,Q166105,
Q1627976,Q162990,
Q1628285,Q166105,
Q1628301,Q169165,
Q1639693,Q167253,
Q1630049,Q976396,
Q1669202,Q169661,
Q1583705,Q2928124,
Q1745862,Q169661,
Q1747218,Q131371,
Q1842302,Q131371,
Q1815125,Q976396,
Q1848493,Q165529,
Q1862004,Q132893,
Q2032738,Q159729,
Q2129688,Q157376,
Q2333700,Q162990,
Q2337047,Q159893,
Q2339032,Q159729,
Q2342686,Q169165,
Q2343335,Q162990,
Q2345365,Q166105,
Q2346944,Q138089,
Q2346518,Q166105,
Q2347822,Q162990,
Q2349875,Q159729,
Q2352493,Q131371,
Q2352338,Q159729,
Q2355201,Q169165,
Q2359600,Q157376,
Q2381035,Q169165,
Q2447626,Q162954,
Q2451555,Q121783,
Q2452316,Q169661,
Q2504822,Q131364,
Q2527993,Q162954,
Q2557595,Q132893,
Q2563053,Q128109,
Q2562179,Q157376,
Q2562137,Q166105,
Q2564695,Q159893,
Q2565049,Q159893,
Q2565934,Q169637,
Q2568783,Q164177,
Q2573181,Q161337,
Q2586704,Q121783,
Q2565541,Q976396,
Q2603466,Q169637,
Q2620546,Q169661,
Q2620594,Q170329,
Q2625050,Q169165,
Q2638257,Q166105,
Q2650732,Q157376,
Q2640114,Q572134,
Q2701598,Q169637,
Q2735592,Q132893,
Q2735509,Q162990,
Q2736739,Q128109,
Q2737369,Q138089,
Q2839520,Q169165,
Q2841939,Q976396,
Q2913719,Q159893,
Q2943748,Q170649,
Q3179607,Q169165,
Q3206327,Q513372,
Q3531294,Q170649,
Q3603386,Q162990,
Q3612472,Q161345,
Q3635278,Q170649,
Q3638682,Q138089,
Q3637930,Q164177,
Q3637939,Q169661,
Q3639956,Q169661,
Q3640044,Q169637,
Q3640831,Q162954,
Q3645345,Q166105,
Q3645469,Q162990,
Q3641293,Q513372,
Q3666431,Q121783,
Q3666339,Q166105,
Q3666658,Q162990,
Q3676014,Q128109,
Q3680679,Q128109,
Q3696465,Q138089,
Q3701346,Q167253,
Q3702845,Q157376,
Q3703039,Q162990,
Q3705890,Q138089,
Q3705847,Q157376,
Q3709165,Q132893,
Q3714596,Q161345,
Q3716813,Q170329,
Q3718942,Q131364,
Q3718845,Q159893,
Q3718844,Q166105,
Q3729034,Q169637,
Q3735456,Q166105,
Q3752021,Q121783,
Q3751911,Q159893,
Q3752640,Q159893,
Q3758507,Q157376,
Q3758562,Q169165,
Q3771979,Q166105,
Q3776416,Q166105,
Q3780060,Q169165,
Q3783446,Q166105,
Q3786300,Q162954,
Q3791955,Q131364,
Q3801802,Q164177,
Q3805672,Q131364,
Q3806284,Q138089,
Q3808022,Q131364,
Q3808350,Q121783,
Q3806958,Q167253,
Q3808347,Q166105,
Q3808358,Q170649,
Q6768903,Q131371,
Q6783608,Q572134,
Q15737093,Q169661,
Q6847469,Q157376,
Q15908865,Q165529,
Q1685,Q157376,
Q7045462,Q163480,
Q40444,Q131371,
Q29604,Q572134,
Q44068,Q169637,
Q57596,Q138089,
Q16227014,Q164177,
Q16227291,Q162990,
Q16228417,Q159729,
Q16236541,Q169637,
Q25190434,Q162954,
Q21064045,Q166105,
Q7823453,Q128109,
Q30519348,Q131364,
Q30519458,Q131371,
Q30519500,Q131371,
Q3808661,Q138089,
Q3809254,Q121783,
Q3808369,Q159893,
Q3808638,Q159729,
Q3809501,Q162990,
Q3809485,Q166105,
Q3814856,Q167253,
Q3814826,Q172339,
Q3827154,Q128109,
Q3827161,Q161345,
Q3827157,Q166105,
Q3829349,Q169165,
Q3830841,Q157376,
Q3830948,Q157376,
Q3843599,Q167253,
Q3852430,Q159893,
Q3857402,Q167253,
Q3849464,Q572134,
Q3870713,Q121783,
Q3876016,Q161345,
Q3900131,Q131371,
Q3900801,Q128109,
Q3901340,Q157376,
Q17274843,Q169165,
Q3929805,Q131364,
Q3934744,Q159729,
Q3935036,Q170649,
Q3939847,Q138089,
Q3941231,Q164177,
Q3943093,Q166105,
Q3952849,Q169637,
Q3953567,Q170329,
Q3962531,Q159893,
Q3964848,Q169661,
Q3973381,Q162990,
Q3982514,Q159893,
Q3982512,Q159893,
Q3992442,Q159893,
Q3992513,Q161345,
Q3992501,Q166105,
Q4013035,Q138089,
Q4018607,Q131364,
Q4020225,Q131371,
Q4017940,Q572134,
Q17466552,Q170329,
Q4109533,Q572134,
Q4267632,Q166105,
Q22096387,Q131364,
Q4400961,Q131364,
Q13605907,Q167253,
Q4714896,Q572134,
Q4864784,Q162954,
Q77044,Q976396,
Q4935595,Q121783,
Q112449,Q128109,
Q139376,Q167253,
Q18350645,Q128109,
Q18352238,Q170649,
Q179051,Q169637,
Q4923939,Q2928124,
Q189240,Q170558,
Q203286,Q162990,
Q207608,Q169637,
Q23007630,Q165529,
Q5229774,Q138089,
Q18749170,Q121783,
Q5397323,Q159893,
Q23302736,Q170649,
Q5489167,Q166105,
Q5622482,Q170329,
Q19286282,Q161345,
Q5958908,Q138089,
Q6145960,Q131371,
Q6197721,Q138089,
Q6451040,Q159729,
Q19880933,Q131371,
Q19876913,Q572134,
Q28839789,Q157376,
Q24452154,Q131371,
Q245990,Q164177,
Q250343,Q132893,
Q250534,Q180950,
Q252946,Q572134,
Q270966,Q170329,
Q297474,Q167253,
Q298512,Q169661,
Q310968,Q163480,
Q311546,Q169637,
Q312651,Q164177,
Q313510,Q169165,
Q316183,Q159893,
Q317209,Q157376,
Q317008,Q172339,
Q319614,Q161337,
Q322063,Q131371,
Q297146,Q976396,
Q339256,Q131371,
Q339988,Q169661,
Q344531,Q162954,
Q348696,Q131364,
Q352110,Q164177,
Q352696,Q169138,
Q358704,Q131371,
Q363246,Q167253,
Q364394,Q161345,
Q366772,Q131371,
Q368561,Q159893,
Q369109,Q161337,
Q370006,Q165529,
Q372341,Q166105,
Q380812,Q157376,
Q381746,Q157376,
Q381721,Q572134,
Q431301,Q167253,
Q432341,Q164177,
Q443125,Q131371,
Q443267,Q157376,
Q443665,Q162990,
Q456776,Q169165,
Q460516,Q132880,
Q460131,Q572134,
Q489158,Q128109,
Q493027,Q169165,
Q498348,Q128109,
Q507634,Q166105,
Q513427,Q161345,
Q514456,Q131364,
Q514562,Q170649,
Q517029,Q169661,
Q521872,Q170649,
Q523017,Q161337,
Q529751,Q157376,
Q533068,Q162990,
Q547977,Q121783,
Q554237,Q128109,
Q554586,Q163480,
Q554624,Q170558,
Q555396,Q165529,
Q557144,Q162954,
Q557835,Q159893,
Q557148,Q572134,
Q582252,Q159893,
Q596497,Q138089,
Q601681,Q162954,
Q628081,Q166105,
Q637382,Q159893,
Q644762,Q138089,
Q650683,Q121783,
Q649511,Q169661,
Q658347,Q128109,
Q659886,Q138089,
Q669334,Q172339,
Q685842,Q169661,
Q700287,Q169661,
Q711505,Q138089,
Q715717,Q170558,
Q716062,Q165529,
Q718804,Q131371,
Q725890,Q138089,
Q729072,Q121783,
Q732231,Q169138,
Q738690,Q132880,
Q742104,Q138089,
Q770696,Q131364,
Q787502,Q131371,
Q795227,Q128109,
Q803821,Q169661,
Q918596,Q121783,
Q923569,Q131371,
Q931300,Q170649,
Q931525,Q170329,
Q938628,Q157376,
Q939333,Q169637,
Q941838,Q164177,
Q946002,Q121783,
Q947932,Q132880,
Q955015,Q169637,
Q958023,Q169138,
Q962408,Q170329,
Q1891397,Q131364,
Q2088051,Q165529,
Q2256877,Q138089,
Q2274270,Q128109,
Q2325022,Q161345,
Q2325610,Q166105,
Q2325711,Q169637,
Q2326870,Q128109,
Q2327114,Q128109,
Q2327168,Q162954,
Q2327974,Q161337,
Q2330106,Q164177,
Q2331870,Q166105,
Q2331770,Q169661,
Q2333229,Q131371,
Q2332464,Q169661,
Q2334585,Q162990,
Q2326339,Q572134,
Q2347493,Q157376,
Q2348679,Q161345,
Q2423042,Q163480,
Q2481543,Q163480,
Q2486104,Q976396,
Q2561495,Q170558,
Q2562208,Q159893,
Q2566198,Q138089,
Q2566498,Q131364,
Q2567438,Q161337,
Q2568192,Q167253,
Q2569684,Q162990,
Q2569994,Q166105,
Q2560036,Q572134,
Q965169,Q161337,
Q967630,Q157376,
Q970476,Q121783,
Q971538,Q121783,
Q972973,Q121783,
Q973751,Q157376,
Q1027929,Q131364,
Q1101335,Q167253,
Q1109900,Q157376,
Q1111167,Q169138,
Q1132365,Q169637,
Q1132778,Q159893,
Q1159115,Q164177,
Q1123574,Q2928124,
Q1188953,Q976396,
Q1244957,Q163480,
Q1352026,Q157376,
Q1363884,Q132893,
Q1413920,Q169637,
Q1421720,Q161337,
Q1444934,Q157376,
Q1449882,Q138089,
Q1455879,Q162990,
Q1460225,Q128109,
Q1460233,Q131364,
Q1463146,Q162990,
Q1463338,Q166105,
Q1469682,Q166105,
Q1606800,Q121783,
Q1605786,Q159893,
Q1607201,Q138089,
Q1607214,Q138089,
Q1607728,Q170329,
Q1609283,Q132893,
Q1608147,Q169661,
Q1608824,Q161345,
Q1612392,Q162990,
Q1614388,Q169637,
Q1616713,Q164177,
Q1618646,Q121783,
Q1617574,Q159893,
Q1618739,Q169637,
Q1620255,Q131371,
Q1621861,Q131371,
Q1620780,Q166105,
Q1622164,Q131371,
Q1621435,Q159893,
Q1621669,Q167253,
Q1623270,Q121783,
Q1623168,Q131371,
Q1623295,Q131364,
Q1624855,Q162954,
Q1626483,Q131364,
Q1626576,Q131371,
Q1626436,Q138089,
Q1626928,Q159893,
Q1627394,Q162954,
Q1627284,Q169165,
Q1629914,Q128109,
Q1631678,Q161345,
Q1631692,Q162990,
Q1631748,Q161345,
Q1635374,Q167253,
Q1639233,Q159729,
Q1658960,Q169661,
Q1665679,Q138089,
Q1749506,Q159729,
Q1752926,Q164177,
Q2571330,Q169661,
Q2571956,Q157376,
Q2573637,Q131364,
Q2610277,Q121783,
Q2609359,Q163480,
Q2615252,Q164177,
Q2620577,Q166105,
Q2623582,Q128109,
Q2632962,Q121783,
Q2632370,Q170558,
Q2698421,Q169165,
Q2712666,Q159893,
Q2714920,Q128109,
Q2715204,Q131371,
Q2720230,Q132880,
Q2733952,Q172339,
Q2735520,Q164177,
Q2735590,Q170329,
Q3023991,Q162954,
Q3162963,Q162954,
Q3071971,Q3307390,
Q3262413,Q170329,
Q3329090,Q166105,
Q3414536,Q162954,
Q3445686,Q138089,
Q3535728,Q169661,
Q3608060,Q572134,
Q3638888,Q131364,
Q3640013,Q169637,
Q3641289,Q131371,
Q3641303,Q138089,
Q3641419,Q159893,
Q3641241,Q169165,
Q3641301,Q169661,
Q3641400,Q169165,
Q3643485,Q131371,
Q3646305,Q166105,
Q3664162,Q128109,
Q3665711,Q164177,
Q3666683,Q169661,
Q3676054,Q162990,
Q3676050,Q169637,
Q3680421,Q128109,
Q3681721,Q169637,
Q3702816,Q159893,
Q3703037,Q157376,
Q3703049,Q169661,
Q3713560,Q138089,
Q3713597,Q138089,
Q3714607,Q169165,
Q3718691,Q121783,
Q3641331,Q2928124,
Q3733311,Q170649,
Q3759440,Q131364,
Q3760442,Q131364,
Q3760661,Q159893,
Q3776447,Q138089,
Q3687076,Q2928124,
Q3776426,Q159893,
Q3783438,Q132893,
Q3784338,Q159729,
Q3786743,Q159893,
Q3806506,Q138089,
Q3805605,Q169661,
Q3806562,Q162990,
Q3808116,Q138089,
Q3808310,Q138089,
Q3807782,Q159893,
Q3808365,Q162990,
Q3808338,Q169165,
Q3808328,Q169661,
Q3809706,Q128109,
Q3809737,Q128109,
Q3809520,Q138089,
Q3809226,Q170649,
Q3809664,Q159893,
Q3817490,Q162954,
Q3806812,Q572134,
Q3827176,Q166105,
Q3830193,Q157376,
Q3835001,Q128109,
Q3836673,Q159893,
Q3852039,Q128109,
Q3856181,Q157376,
Q3857357,Q128109,
Q3857420,Q128109,
Q3856912,Q169637,
Q3867448,Q169661,
Q3870717,Q169138,
Q3874249,Q164177,
Q3876024,Q159893,
Q3850113,Q976396,
Q3878428,Q131371,
Q3898129,Q138089,
Q3808660,Q2928124,
Q3900808,Q162954,
Q3909035,Q138089,
Q3929794,Q131371,
Q3930619,Q157376,
Q3930613,Q170329,
Q24207142,Q163480,
Q10862660,Q159893,
Q6437162,Q170558,
Q19865640,Q128109,
Q20031584,Q131371,
Q6758372,Q572134,
Q6968743,Q169165,
Q7000015,Q159893,
Q6999966,Q170329,
Q42065,Q170329,
Q48838,Q169138,
Q7109779,Q169165,
Q20540520,Q169138,
Q16227284,Q161345,
Q16227648,Q161345,
Q16235417,Q138089,
Q12058834,Q161337,
Q16622999,Q159893,
Q16661017,Q169637,
Q7819595,Q138089,
Q7823209,Q169661,
Q17285036,Q121783,
Q17294972,Q163480,
Q17294965,Q180950,
Q17302809,Q169165,
Q3934735,Q159893,
Q3935052,Q157376,
Q3942010,Q169661,
Q3942304,Q170649,
Q3973341,Q131371,
Q3979077,Q159729,
Q3983054,Q157376,
Q3984812,Q138089,
Q3984825,Q161345,
Q3984827,Q169661,
Q3991192,Q131364,
Q3992165,Q162954,
Q3972809,Q976396,
Q4017829,Q128109,
Q4017858,Q167253,
Q4018592,Q169165,
Q4020220,Q128109,
Q4020456,Q169637,
Q4017850,Q2928124,
Q17513432,Q170649,
Q17634891,Q138089,
Q4274128,Q138089,
Q4401184,Q159729,
Q8988855,Q169637,
Q13464007,Q128109,
Q4667056,Q172339,
Q13605944,Q121783,
Q13605936,Q159893,
Q13605965,Q162990,
Q13605982,Q170329,
Q4783869,Q166105,
Q4811246,Q138089,
Q71127,Q131371,
Q71980,Q131364,
Q4892340,Q166105,
Q116551,Q121783,
Q136678,Q180950,
Q142214,Q131371,
Q4963220,Q131364,
Q179906,Q165529,
Q185268,Q163480,
Q202295,Q132880,
Q203331,Q132880,
Q213346,Q170649,
Q222851,Q157376,
Q259401,Q513372,
Q278594,Q121783,
Q289398,Q157376,
Q295322,Q128109,
Q280437,Q976396,
Q314071,Q159729,
Q316243,Q128109,
Q309783,Q976396,
Q352114,Q161345,
Q364367,Q132893,
Q367961,Q161337,
Q371821,Q138089,
Q372180,Q162990,
Q372389,Q166105,
Q373964,Q169165,
Q23022995,Q128109,
Q18564189,Q157376,
Q360993,Q976396,
Q5115492,Q2928124,
Q5258221,Q170649,
Q5292227,Q169661,
Q5316144,Q128109,
Q5548413,Q164177,
Q14469440,Q170649,
Q5816623,Q121783,
Q10345670,Q166105,
Q23771345,Q159893,
Q19364844,Q131371,
Q6175280,Q167253,
Q19577264,Q165529,
Q1458331,Q166105,
Q1463671,Q131364,
Q1463211,Q164177,
Q1463696,Q170649,
Q1464679,Q169637,
Q1469735,Q131371,
Q1468968,Q159893,
Q1469707,Q157376,
Q1606362,Q131371,
Q376230,Q121783,
Q386513,Q128109,
Q388134,Q169165,
Q433148,Q170558,
Q440210,Q128109,
Q440111,Q169637,
Q455757,Q138089,
Q456702,Q157376,
Q460246,Q172339,
Q461574,Q170329,
Q471572,Q165529,
Q493208,Q162990,
Q493115,Q169661,
Q509150,Q169637,
Q511111,Q157376,
Q520219,Q131364,
Q519305,Q159893,
Q524843,Q138089,
Q533916,Q169661,
Q554815,Q131364,
Q555436,Q162990,
Q580808,Q170329,
Q581408,Q159893,
Q598416,Q131371,
Q598461,Q162990,
Q600954,Q121783,
Q608514,Q162990,
Q608749,Q169165,
Q614522,Q131371,
Q588764,Q976396,
Q647663,Q121783,
Q671268,Q167253,
Q647498,Q976396,
Q682468,Q169661,
Q657876,Q976396,
Q703908,Q169165,
Q705993,Q170558,
Q710012,Q167253,
Q714213,Q121783,
Q719836,Q131371,
Q727048,Q159729,
Q732350,Q162954,
Q740121,Q157376,
Q640253,Q3307390,
Q749008,Q121783,
Q742119,Q572134,
Q763044,Q121783,
Q767363,Q131364,
Q862011,Q131364,
Q864225,Q157376,
Q888707,Q166105,
Q924072,Q170329,
Q926220,Q163480,
Q927926,Q170558,
Q939422,Q159893,
Q940613,Q169637,
Q943900,Q159893,
Q950035,Q166105,
Q950413,Q170649,
Q954582,Q167253,
Q941832,Q572134,
Q955010,Q157376,
Q975066,Q164177,
Q976016,Q157376,
Q977666,Q161345,
Q979242,Q121783,
Q971106,Q572134,
Q973049,Q572134,
Q1093489,Q169165,
Q1125388,Q169637,
Q1102109,Q976396,
Q1134403,Q162990,
Q1154068,Q170558,
Q1159084,Q169661,
Q1166588,Q170649,
Q1170430,Q128109,
Q1184381,Q170649,
Q1200332,Q163480,
Q1355070,Q169165,
Q1364271,Q131371,
Q1367824,Q169637,
Q1371033,Q161345,
Q1372226,Q164177,
Q1373712,Q167253,
Q1382444,Q166105,
Q1394224,Q167253,
Q1419688,Q169661,
Q1424475,Q157376,
Q1424165,Q170558,
Q1432596,Q128109,
Q1442393,Q121783,
Q2735651,Q131371,
Q2736467,Q131371,
Q2755996,Q161337,
Q2817205,Q170558,
Q2979330,Q161345,
Q3335438,Q169661,
Q3546387,Q132880,
Q3607559,Q159893,
Q3607493,Q169661,
Q3611535,Q159729,
Q3615422,Q170558,
Q3616282,Q164177,
Q3635223,Q131364,
Q3635069,Q169661,
Q3640008,Q159893,
Q3641404,Q157376,
Q3641271,Q166105,
Q3641274,Q166105,
Q3644447,Q164177,
Q3646216,Q157376,
Q3646337,Q166105,
Q3645478,Q572134,
Q3658790,Q162954,
Q3660140,Q121783,
Q3658770,Q166105,
Q3675545,Q169637,
Q3701345,Q138089,
Q3703044,Q128109,
Q3702803,Q157376,
Q3705850,Q138089,
Q3706937,Q131364,
Q3715907,Q170649,
Q3718722,Q161345,
Q3725517,Q166105,
Q3735442,Q138089,
Q3759445,Q121783,
Q3758489,Q162954,
Q3758516,Q170558,
Q3759415,Q159729,
Q3760212,Q166105,
Q3760621,Q166105,
Q3760568,Q169661,
Q3772728,Q169165,
Q3773339,Q167253,
Q3675561,Q3307390,
Q3785012,Q162990,
Q3787395,Q157376,
Q3802374,Q169138,
Q3806765,Q128109,
Q3805721,Q162990,
Q3805717,Q169661,
Q3806798,Q138089,
Q3806280,Q169661,
Q3808307,Q131371,
Q3808364,Q138089,
Q3808371,Q161345,
Q3808368,Q164177,
Q3808376,Q169661,
Q3809470,Q166105,
Q3810125,Q170329,
Q3830275,Q138089,
Q3830153,Q166105,
Q3830839,Q169661,
Q3809359,Q976396,
Q3849554,Q128109,
Q3849899,Q157376,
Q3850102,Q157376,
Q3854064,Q131364,
Q3854073,Q157376,
Q3857417,Q131371,
Q3857412,Q132893,
Q3856917,Q167253,
Q3857468,Q157376,
Q3857392,Q169165,
Q3863037,Q132893,
Q3874076,Q164177,
Q3874306,Q169165,
Q3878435,Q166105,
Q3897536,Q131364,
Q3901344,Q169661,
Q3930041,Q169637,
Q3931440,Q131371,
Q3930640,Q166105,
Q3934007,Q131371,
Q3934736,Q167253,
Q3940990,Q138089,
Q3941985,Q128109,
Q3940970,Q159893,
Q3940971,Q169661,
Q3940992,Q169661,
Q3945523,Q159893,
Q3953581,Q166105,
Q3931734,Q976396,
Q3961087,Q128109,
Q3962469,Q169637,
Q3878431,Q2928124,
Q3973365,Q169165,
Q3978605,Q138089,
Q3979078,Q169138,
Q3913090,Q2928124,
Q1606869,Q157376,
Q1608055,Q159893,
Q1617143,Q121783,
Q1616737,Q167253,
Q1617934,Q164177,
Q1617777,Q169661,
Q1619538,Q132880,
Q1618709,Q159729,
Q1618730,Q161345,
Q1619696,Q157376,
Q1621492,Q159893,
Q1622399,Q138089,
Q1621763,Q169165,
Q1627407,Q132893,
Q1628498,Q121783,
Q1626992,Q169165,
Q1627788,Q164177,
Q1628192,Q170329,
Q1628310,Q169165,
Q1629769,Q128109,
Q1630233,Q131364,
Q1607997,Q976396,
Q1634796,Q159893,
Q1635860,Q169165,
Q1684380,Q128109,
Q1886445,Q159729,
Q1888440,Q169637,
Q2011732,Q161345,
Q2015928,Q159893,
Q2035627,Q132893,
Q2084974,Q180950,
Q2082646,Q976396,
Q2287018,Q167253,
Q2282706,Q572134,
Q2307611,Q162954,
Q2317038,Q169165,
Q2320427,Q170649,
Q2321637,Q161345,
Q2325739,Q131364,
Q2327311,Q167253,
Q2327355,Q169637,
Q2327892,Q170558,
Q2329774,Q138089,
Q2330509,Q138089,
Q2331791,Q121783,
Q2331753,Q138089,
Q2332259,Q138089,
Q2332594,Q131364,
Q2331672,Q167253,
Q2331852,Q170649,
Q2336851,Q121783,
Q2335416,Q169138,
Q2337670,Q121783,
Q2337906,Q157376,
Q2339308,Q157376,
Q2340575,Q131371,
Q2340588,Q131364,
Q2340561,Q170649,
Q2343394,Q131364,
Q2342717,Q159729,
Q2345886,Q161337,
Q2348890,Q121783,
Q2350303,Q121783,
Q2354968,Q159729,
Q2357156,Q169661,
Q2415540,Q159893,
Q2420023,Q167253,
Q2445067,Q164177,
Q2464807,Q131364,
Q2471705,Q166105,
Q2518209,Q131364,
Q2520223,Q161345,
Q2527657,Q121783,
Q2528518,Q132893,
Q2530432,Q128109,
Q2555675,Q131371,
Q2557612,Q132880,
Q2557309,Q164177,
Q2561192,Q121783,
Q2567459,Q121783,
Q2566308,Q167253,
Q2566761,Q164177,
Q2566766,Q169637,
Q2567482,Q157376,
Q2568283,Q159729,
Q2556204,Q572134,
Q2572066,Q170649,
Q2601456,Q164177,
Q2602225,Q159729,
Q2607044,Q172339,
Q2620861,Q159729,
Q2629170,Q157376,
Q2663482,Q121783,
Q2662655,Q170649,
Q2697583,Q165529,
Q2698478,Q161337,
Q2698417,Q169165,
Q2733180,Q131371,
Q2734314,Q131371,
Q2734358,Q976396,
Q19310495,Q138089,
Q6110020,Q169637,
Q6127184,Q165529,
Q6220620,Q121783,
Q19667582,Q128109,
Q6390069,Q131364,
Q19864241,Q132893,
Q20031362,Q164177,
Q15608836,Q164177,
Q15623860,Q121783,
Q15845433,Q172339,
Q6939389,Q131371,
Q7001338,Q169661,
Q15920046,Q138089,
Q7035595,Q159729,
Q48860,Q132893,
Q7117296,Q169138,
Q7179634,Q169661,
Q16114861,Q121783,
Q7152742,Q2928124,
Q16204824,Q138089,
Q16226926,Q132880,
Q16226957,Q169661,
Q21209177,Q162954,
Q16846249,Q138089,
Q16847519,Q138089,
Q17180552,Q572134,
Q17281073,Q162954,
Q17285824,Q138089,
Q3984739,Q169165,
Q3984809,Q169661,
Q3992118,Q131364,
Q3992437,Q121783,
Q3992530,Q131364,
Q3992498,Q169165,
Q3992497,Q169165,
Q3992511,Q169165,
Q3992907,Q159893,
Q3993330,Q170329,
Q4018613,Q121783,
Q3991349,Q976396,
Q4120452,Q166105,
Q22005666,Q976396,
Q4274360,Q161345,
Q8982526,Q138089,
Q8992149,Q157376,
Q4864809,Q159729,
Q70698,Q132893,
Q93587,Q161337,
Q13860876,Q170558,
Q4984295,Q166105,
Q5006560,Q167253,
Q201608,Q169661,
Q208623,Q170558,
Q270975,Q169165,
Q280376,Q132893,
Q288853,Q166105,
Q302777,Q157376,
Q310281,Q128109,
Q310541,Q169165,
Q314413,Q128109,
Q314822,Q121783,
Q314409,Q169637,
Q316253,Q132880,
Q317045,Q169661,
Q305510,Q572134,
Q296403,Q976396,
Q27443338,Q164177,
Q352064,Q169637,
Q357458,Q121783,
Q343746,Q572134,
Q359052,Q162954,
Q363460,Q157376,
Q363445,Q161337,
Q363421,Q170649,
Q370011,Q132893,
Q369593,Q157376,
Q362214,Q572134,
Q377721,Q138089,
Q384801,Q161345,
Q376586,Q572134,
Q311542,Q3307390,
Q431215,Q138089,
Q434824,Q157376,
Q440357,Q131371,
Q443412,Q131371,
Q443678,Q170558,
Q447286,Q162990,
Q458552,Q170649,
Q460193,Q131371,
Q459312,Q170649,
Q483890,Q167253,
Q510147,Q128109,
Q509573,Q163480,
Q517747,Q166105,
Q520357,Q169165,
Q521829,Q131371,
Q522252,Q131364,
Q526394,Q159893,
Q528585,Q161345,
Q1115784,Q138089,
Q1132528,Q169165,
Q1132527,Q169661,
Q1179612,Q162990,
Q1200330,Q167253,
Q1238103,Q976396,
Q1279973,Q167253,
Q1291124,Q161345,
Q1280005,Q572134,
Q1332856,Q157376,
Q1339658,Q166105,
Q1353111,Q169165,
Q1358452,Q164177,
Q1365204,Q169138,
Q1389137,Q163480,
Q1392830,Q169637,
Q1407902,Q159729,
Q1456855,Q159893,
Q1456878,Q169138,
Q1458241,Q164177,
Q1458403,Q162990,
Q1459561,Q167253,
Q1460251,Q162954,
Q1571580,Q170558,
Q1607739,Q128109,
Q1606866,Q157376,
Q1606745,Q166105,
Q1607981,Q131364,
Q1608128,Q121783,
Q1608013,Q170329,
Q1610171,Q131371,
Q1610263,Q131364,
Q1612851,Q169661,
Q1613303,Q161345,
Q1616714,Q157376,
Q1617178,Q164177,
Q1618754,Q128109,
Q1617862,Q159893,
Q1618656,Q162954,
Q1619317,Q167253,
Q530134,Q131371,
Q541911,Q131364,
Q547758,Q169165,
Q535559,Q572134,
Q553516,Q170558,
Q554905,Q172339,
Q557526,Q161345,
Q580435,Q169637,
Q582337,Q162954,
Q586337,Q128109,
Q585866,Q162990,
Q587512,Q121783,
Q594137,Q161345,
Q605482,Q159893,
Q611457,Q170649,
Q611468,Q172339,
Q616436,Q169165,
Q648455,Q169661,
Q652743,Q128109,
Q662328,Q132893,
Q706771,Q138089,
Q714058,Q131364,
Q717054,Q162954,
Q717793,Q162954,
Q721011,Q128109,
Q722629,Q131371,
Q735730,Q121783,
Q741842,Q161345,
Q767836,Q157376,
Q767817,Q159729,
Q773636,Q167253,
Q783112,Q131371,
Q786633,Q138089,
Q888002,Q159893,
Q888647,Q170558,
Q918347,Q131371,
Q919954,Q138089,
Q925856,Q131364,
Q926014,Q167253,
Q931867,Q169661,
Q935772,Q131364,
Q935879,Q169661,
Q925099,Q572134,
Q947656,Q159893,
Q951041,Q169661,
Q952921,Q167253,
Q960818,Q166105,
Q961915,Q161345,
Q966704,Q138089,
Q970313,Q138089,
Q971523,Q132880,
Q974603,Q165529,
Q974738,Q166105,
Q951943,Q976396,
Q987146,Q132893,
Q1027716,Q161345,
Q1053971,Q138089,
Q1061731,Q161345,
Q1075984,Q170329,
Q1077437,Q132893,
Q1621478,Q161345,
Q1621788,Q170649,
Q1623260,Q157376,
Q1624907,Q121783,
Q1626595,Q128109,
Q1626495,Q170558,
Q1626545,Q170558,
Q1627982,Q162990,
Q1627840,Q170329,
Q1634182,Q131364,
Q1634914,Q162990,
Q1661518,Q170649,
Q1747213,Q164177,
Q1748399,Q167253,
Q1749388,Q157376,
Q1753506,Q164177,
Q1771117,Q513372,
Q1795074,Q163480,
Q1857885,Q128109,
Q1887670,Q169637,
Q1890505,Q132880,
Q2023534,Q128109,
Q2063085,Q131371,
Q2260799,Q161345,
Q2294935,Q170329,
Q2308568,Q128109,
Q2309877,Q170649,
Q2324397,Q159893,
Q2324380,Q166105,
Q2326556,Q128109,
Q2327919,Q131364,
Q2329080,Q131364,
Q2330034,Q128109,
Q2332425,Q131371,
Q2332272,Q138089,
Q2338104,Q131371,
Q2340949,Q169165,
Q2342202,Q131371,
Q2341885,Q167253,
Q2342516,Q166105,
Q2344013,Q166105,
Q2345383,Q128109,
Q2351747,Q167253,
Q2358444,Q159893,
Q2345988,Q572134,
Q2438886,Q169637,
Q2455369,Q132880,
Q2486090,Q162990,
Q2520287,Q169637,
Q2553181,Q170329,
Q2563071,Q138089,
Q2565814,Q128109,
Q2565823,Q132893,
Q2565774,Q170558,
Q2566744,Q161345,
Q2573187,Q121783,
Q2586552,Q131364,
Q2567451,Q976396,
Q2593867,Q157376,
Q2603419,Q169165,
Q2609883,Q170649,
Q2626273,Q164177,
Q2629179,Q164177,
Q2656341,Q164177,
Q2569207,Q2928124,
Q2732041,Q131364,
Q2733201,Q166105,
Q2737145,Q128109,
Q2919387,Q159893,
Q3335460,Q131364,
Q3618516,Q157376,
Q3618505,Q169165,
Q3635233,Q157376,
Q3637929,Q131371,
Q3640059,Q121783,
Q3640058,Q161345,
Q3641421,Q128109,
Q3641347,Q131364,
Q3641311,Q138089,
Q3641278,Q159893,
Q3641267,Q166105,
Q3641334,Q169165,
Q3644234,Q131364,
Q3647877,Q167253,
Q3641309,Q513372,
Q3661316,Q121783,
Q3676039,Q121783,
Q3681888,Q157376,
Q3687074,Q138089,
Q3680682,Q572134,
Q3699680,Q161345,
Q3699684,Q161345,
Q3701332,Q138089,
Q3702836,Q131371,
Q3703030,Q161345,
Q3705479,Q131364,
Q3713516,Q121783,
Q3703017,Q572134,
Q3693713,Q976396,
Q3713590,Q2928124,
Q23761524,Q121783,
Q5996768,Q159893,
Q6078481,Q161345,
Q6180570,Q138089,
Q19664817,Q131371,
Q10877291,Q169661,
Q19880297,Q138089,
Q19880865,Q121783,
Q6599115,Q166105,
Q6829140,Q138089,
Q20268371,Q180950,
Q24800366,Q161345,
Q29434467,Q159729,
Q7217967,Q572134,
Q16154592,Q128109,
Q20711278,Q161337,
Q20722749,Q164177,
Q7360485,Q169165,
Q7365917,Q166105,
Q16734287,Q169637,
Q30322415,Q138089,
Q3713631,Q132893,
Q3714270,Q169661,
Q3723697,Q132893,
Q3716817,Q572134,
Q3740253,Q138089,
Q3758539,Q157376,
Q3758529,Q164177,
Q3776396,Q131364,
Q3775761,Q169138,
Q3785128,Q131364,
Q3787733,Q121783,
Q21621551,Q163480,
Q3802151,Q159893,
Q3805661,Q159893,
Q3808316,Q121783,
Q3808332,Q132893,
Q3808380,Q159893,
Q3808385,Q166105,
Q3809291,Q162990,
Q3809410,Q162990,
Q3809548,Q159893,
Q3809579,Q164177,
Q3809733,Q166105,
Q3811288,Q131371,
Q3814479,Q128109,
Q3814216,Q138089,
Q3814827,Q166105,
Q3827132,Q128109,
Q17198659,Q169637,
Q3840564,Q162990,
Q3849471,Q162990,
Q3849470,Q170558,
Q3850383,Q169661,
Q3854066,Q121783,
Q3857449,Q131364,
Q3857389,Q138089,
Q3857363,Q159729,
Q3857362,Q164177,
Q3857416,Q976396,
Q3887301,Q169661,
Q3887746,Q161345,
Q3888429,Q157376,
Q3897750,Q131364,
Q3900792,Q131364,
Q3901333,Q167253,
Q3928933,Q164177,
Q3931728,Q166105,
Q3935035,Q157376,
Q3940962,Q128109,
Q3940978,Q169165,
Q3942308,Q159893,
Q3930645,Q572134,
Q3960167,Q128109,
Q3968108,Q169165,
Q3973339,Q128109,
Q3973346,Q169637,
Q3992526,Q132893,
Q3997161,Q131371,
Q3998036,Q121783,
Q4020214,Q169661,
Q4022896,Q169165,
Q17403499,Q170329,
Q4274333,Q169661,
Q8871685,Q976396,
Q4456405,Q131371,
Q17985025,Q131371,
Q13641280,Q138089,
Q4758911,Q162990,
Q4772101,Q162990,
Q18159213,Q128109,
Q5040542,Q121783,
Q18417248,Q162954,
Q5115076,Q121783,
Q5140477,Q163480,
Q18611047,Q162954,
Q5273105,Q138089,
Q5300318,Q169661,
Q5224559,Q2928124,
Q14431691,Q166105,
Q715947,Q170558,
Q729319,Q131371,
Q772141,Q169165,
Q775184,Q131371,
Q780130,Q131371,
Q782341,Q169661,
Q822531,Q572134,
Q896772,Q162990,
Q24178,Q138089,
Q25278,Q161337,
Q25369,Q163480,
Q46040,Q172339,
Q58335,Q159729,
Q59547,Q138089,
Q30517537,Q164177,
Q70386,Q138089,
Q115915,Q128109,
Q127561,Q159729,
Q150502,Q169165,
Q150327,Q976396,
Q177928,Q169637,
Q193108,Q159729,
Q201386,Q132880,
Q245222,Q128109,
Q295340,Q167253,
Q297221,Q165529,
Q297750,Q167253,
Q298496,Q170649,
Q301757,Q161345,
Q304473,Q159893,
Q311195,Q121783,
Q311735,Q128109,
Q311533,Q170649,
Q312648,Q159893,
Q313481,Q162954,
Q316161,Q159893,
Q316258,Q163480,
Q317021,Q162954,
Q318908,Q128109,
Q335762,Q161345,
Q317065,Q976396,
Q348032,Q157376,
Q348618,Q162990,
Q352093,Q159893,
Q357438,Q131364,
Q361178,Q169138,
Q362872,Q121783,
Q370779,Q159893,
Q370486,Q170558,
Q375230,Q166105,
Q375189,Q170329,
Q380802,Q131371,
Q380015,Q170558,
Q375525,Q572134,
Q384989,Q976396,
Q432091,Q131364,
Q443716,Q170329,
Q456374,Q132880,
Q456766,Q157376,
Q459463,Q132880,
Q459413,Q169661,
Q472044,Q169661,
Q472790,Q162954,
Q503448,Q170649,
Q510514,Q166105,
Q514117,Q121783,
Q514061,Q180950,
Q516201,Q131371,
Q516837,Q169138,
Q517675,Q159729,
Q521511,Q167253,
Q527780,Q169661,
Q530232,Q162990,
Q530162,Q170558,
Q532832,Q159729,
Q538032,Q166105,
Q542563,Q167253,
Q523714,Q976396,
Q553265,Q170649,
Q555355,Q164177,
Q558674,Q121783,
Q578407,Q159893,
Q555264,Q976396,
Q568302,Q572134,
Q583966,Q169661,
Q587071,Q162954,
Q601776,Q170329,
Q604638,Q169637,
Q592854,Q572134,
Q611560,Q161345,
Q618550,Q128109,
Q617829,Q159893,
Q644277,Q163480,
Q648542,Q131364,
Q651203,Q166105,
Q664243,Q132893,
Q663453,Q169165,
Q667302,Q131371,
Q672716,Q166105,
Q677332,Q162954,
Q897000,Q169165,
Q926071,Q128109,
Q930309,Q132893,
Q932879,Q164177,
Q942365,Q131371,
Q929320,Q572134,
Q960106,Q162954,
Q964593,Q138089,
Q965005,Q159729,
Q970093,Q121783,
Q968705,Q170329,
Q971463,Q161337,
Q973212,Q162990,
Q977972,Q159893,
Q979041,Q138089,
Q982612,Q166105,
Q1077184,Q572134,
Q1111021,Q159893,
Q1118847,Q161337,
Q1132676,Q131364,
Q1134258,Q169165,
Q1132130,Q572134,
Q1200001,Q162990,
Q1264436,Q165529,
Q1327649,Q170329,
Q1370925,Q132893,
Q1424170,Q162954,
Q1433254,Q166105,
Q1445762,Q131364,
Q1445827,Q170329,
Q1454479,Q169165,
Q1458393,Q138089,
Q1458225,Q161345,
Q1458282,Q159893,
Q1458294,Q161337,
Q1458276,Q166105,
Q1458368,Q167253,
Q1458359,Q170329,
Q1460197,Q131364,
Q1463735,Q131364,
Q1463557,Q169661,
Q1469693,Q121783,
Q1518156,Q128109,
Q1606354,Q162990,
Q1607746,Q157376,
Q1609507,Q121783,
Q1609451,Q164177,
Q1611310,Q131371,
Q1613358,Q170558,
Q1616796,Q138089,
Q1617152,Q167253,
Q1617237,Q166105,
Q1618637,Q131364,
Q1618667,Q169637,
Q1618940,Q172339,
Q1621779,Q166105,
Q1623202,Q132893,
Q1624888,Q169637,
Q1626464,Q166105,
Q1626548,Q169637,
Q1626605,Q169637,
Q1626914,Q169637,
Q1628752,Q169165,
Q1631729,Q132893,
Q1631719,Q169637,
Q1632239,Q167253,
Q1617225,Q976396,
Q1636269,Q976396,
Q1699578,Q121783,
Q1703620,Q132893,
Q1749594,Q170558,
Q1821176,Q169661,
Q1825983,Q170329,
Q1961245,Q169165,
Q2024753,Q161337,
Q2080886,Q170329,
Q2256077,Q138089,
Q2274527,Q169637,
Q2291591,Q132893,
Q2309146,Q131364,
Q2308814,Q159893,
Q2317014,Q169637,
Q2318756,Q131364,
Q2318219,Q159729,
Q2318811,Q169138,
Q2327206,Q128109,
Q2326937,Q157376,
Q2327143,Q163480,
Q2329242,Q162990,
Q2334168,Q121783,
Q2333670,Q159729,
Q2334700,Q166105,
Q2338179,Q128109,
Q2338212,Q167253,
Q2340309,Q131364,
Q2344627,Q138089,
Q2345237,Q170329,
Q2345652,Q170329,
Q2347268,Q131364,
Q2348512,Q132893,
Q2348836,Q159893,
Q2351215,Q157376,
Q2352300,Q169165,
Q2355301,Q170558,
Q2360324,Q138089,
Q2373397,Q169138,
Q2385023,Q169661,
Q2387113,Q131364,
Q2445101,Q157376,
Q2504840,Q162954,
Q2486077,Q976396,
Q2527681,Q163480,
Q2557166,Q162990,
Q2559254,Q162954,
Q2559146,Q167253,
Q2563023,Q157376,
Q2565189,Q164177,
Q2566101,Q169165,
Q2568914,Q170558,
Q2569322,Q170329,
Q2570452,Q572134,
Q2607807,Q132893,
Q2607516,Q164177,
Q2614593,Q157376,
Q2620601,Q169637,
Q2627265,Q167253,
Q2714829,Q128109,
Q2720240,Q121783,
Q2734353,Q132880,
Q2734309,Q157376,
Q2737206,Q170558,
Q2758197,Q138089,
Q2736901,Q976396,
Q2779117,Q131364,
Q2877891,Q169661,
Q2883322,Q157376,
Q2895454,Q162990,
Q3082919,Q159729,
Q3329078,Q131371,
Q3563535,Q157376,
Q3607482,Q131371,
Q3607494,Q164177,
Q3612910,Q170329,
Q3615455,Q164177,
Q3636205,Q138089,
Q3639957,Q131364,
Q3640054,Q164177,
Q3640004,Q169661,
Q3641340,Q157376,
Q3641354,Q159893,
Q3641353,Q159893,
Q3646333,Q157376,
Q3649982,Q159893,
Q3666408,Q159893,
Q3667762,Q159893,
Q3675579,Q157376,
Q3675506,Q162954,
Q3679107,Q131371,
Q3683287,Q164177,
Q3695980,Q121783,
Q3696461,Q167253,
Q3703376,Q138089,
Q3716814,Q157376,
Q3718833,Q121783,
Q3718509,Q157376,
Q3731510,Q161345,
Q3718950,Q572134,
Q3758473,Q169165,
Q3758474,Q169637,
Q3759053,Q159893,
Q3759438,Q513372,
Q3780056,Q131364,
Q3787273,Q157376,
Q3706945,Q2928124,
Q3807792,Q128109,
Q3808021,Q138089,
Q3807796,Q161345,
Q3807778,Q166105,
Q3809625,Q121783,
Q3808666,Q159893,
Q3809712,Q131364,
Q3808743,Q164177,
Q3808656,Q169637,
Q3809636,Q167253,
Q3809611,Q170649,
Q3811618,Q161345,
Q3814637,Q138089,
Q3814340,Q169637,
Q3814840,Q157376,
Q3827160,Q121783,
Q3827144,Q131364,
Q3826272,Q164177,
Q3830155,Q169165,
Q3844781,Q169661,
Q3852003,Q169138,
Q3856193,Q131364,
Q3856220,Q157376,
Q3856296,Q159729,
Q3856300,Q162990,
Q3806275,Q2928124,
Q5171327,Q169637,
Q5220000,Q166105,
Q18744792,Q159893,
Q10345591,Q170649,
Q19281949,Q169661,
Q5981921,Q131371,
Q6123268,Q138089,
Q24006239,Q162954,
Q19665350,Q161337,
Q15222722,Q131364,
Q19757483,Q172339,
Q6387703,Q162954,
Q28940965,Q138089,
Q6701616,Q138089,
Q11164823,Q157376,
Q6758454,Q131371,
Q6990938,Q138089,
Q29336,Q138089,
Q31683,Q169138,
Q42615,Q164177,
Q7051490,Q157376,
Q58590,Q161345,
Q61675,Q132893,
Q20440606,Q121783,
Q7287706,Q170329,
Q20676045,Q138089,
Q16226994,Q131364,
Q16227726,Q163480,
Q16235967,Q164177,
Q16239572,Q169661,
Q20710148,Q172339,
Q21063118,Q170649,
Q21066724,Q169661,
Q21294876,Q131371,
Q16887646,Q169138,
Q16935026,Q131371,
Q8021424,Q166105,
Q16983432,Q976396,
Q3857393,Q128109,
Q3857432,Q138089,
Q3859694,Q162990,
Q3859699,Q164177,
Q3876872,Q167253,
Q3898070,Q170649,
Q3898105,Q169661,
Q17282759,Q132880,
Q3930035,Q121783,
Q3931717,Q131364,
Q17302771,Q170558,
Q3935065,Q164177,
Q3938404,Q161345,
Q3938465,Q162954,
Q3939904,Q159893,
Q3940968,Q162954,
Q3929803,Q513372,
Q3952866,Q159729,
Q3968218,Q572134,
Q3992539,Q163480,
Q4010090,Q166105,
Q17386010,Q132893,
Q4018600,Q157376,
Q4019569,Q131364,
Q4019054,Q157376,
Q4019758,Q159893,
Q4020207,Q169661,
Q4109939,Q166105,
Q4120772,Q2928124,
Q4310190,Q159893,
Q4356733,Q131371,
Q4401182,Q159893,
Q4505416,Q138089,
Q9089681,Q161345,
Q13605901,Q170558,
Q4717362,Q164177,
Q4846393,Q131364,
Q94846,Q121783,
Q116254,Q159729,
Q121647,Q131371,
Q129408,Q169661,
Q132208,Q131371,
Q136816,Q138089,
Q137450,Q976396,
Q193020,Q159729,
Q193052,Q159893,
Q221341,Q132893,
Q242185,Q159893,
Q251725,Q169138,
Q268303,Q169165,
Q277780,Q166105,
Q278116,Q169661,
Q304349,Q161337,
Q311869,Q164177,
Q313499,Q167253,
Q316336,Q169637,
Q317527,Q159893,
Q22959105,Q159893,
Q318916,Q164177,
Q319313,Q159893,
Q321576,Q169661,
Q316580,Q572134,
Q354186,Q165529,
Q373938,Q157376,
Q374536,Q170329,
Q375600,Q169165,
Q380006,Q131371,
Q380541,Q161337,
Q384252,Q121783,
Q386656,Q169165,
Q386736,Q167253,
Q389975,Q167253,
Q390215,Q161345,
Q431329,Q162990,
Q440291,Q162990,
Q440332,Q170329,
Q441654,Q169165,
Q446513,Q128109,
Q455831,Q169661,
Q458539,Q132893,
Q460507,Q157376,
Q464358,Q170558,
Q470936,Q572134,
Q510074,Q170558,
Q512310,Q169165,
Q513403,Q138089,
Q520951,Q138089,
Q521943,Q169661,
Q524480,Q165529,
Q504336,Q976396,
Q533136,Q166105,
Q549048,Q169637,
Q553497,Q131364,
Q553482,Q169165,
Q553512,Q169165,
Q554582,Q161337,
Q555110,Q162954,
Q556674,Q138089,
Q560436,Q164177,
Q561862,Q138089,
Q536593,Q976396,
Q570415,Q132893,
Q578662,Q131364,
Q579859,Q159893,
Q593919,Q131364,
Q604855,Q128109,
Q616049,Q166105,
Q616402,Q164177,
Q596374,Q976396,
Q645067,Q170649,
Q646481,Q131364,
Q647157,Q157376,
Q650632,Q169138,
Q656676,Q131371,
Q665879,Q159729,
Q667741,Q161345,
Q672096,Q169138,
Q693834,Q157376,
Q716085,Q163480,
Q716093,Q172339,
Q717344,Q169138,
Q720041,Q131371,
Q732470,Q162954,
Q716485,Q976396,
Q743850,Q161345,
Q770894,Q166105,
Q775160,Q159893,
Q776019,Q169661,
Q781925,Q162990,
Q817876,Q131371,
Q866619,Q161337,
Q888056,Q169661,
Q890711,Q162990,
Q921340,Q165529,
Q922355,Q162954,
Q933804,Q159893,
Q935850,Q169661,
Q939309,Q131371,
Q957009,Q132880,
Q966899,Q170649,
Q971713,Q166105,
Q975034,Q128109,
Q975725,Q131371,
Q983245,Q165529,
Q1000791,Q159893,
Q1022508,Q170649,
Q1061776,Q169637,
Q1070836,Q138089,
Q1116123,Q167253,
Q1168929,Q166105,
Q1170408,Q169661,
Q1189516,Q161337,
Q1328504,Q167253,
Q1342300,Q131364,
Q1341440,Q162990,
Q1343292,Q132893,
Q1361081,Q132893,
Q1364223,Q167253,
Q1365645,Q169637,
Q1366501,Q170649,
Q332434,Q162954,
Q334470,Q162990,
Q14329138,Q180950,
Q14399923,Q165529,
Q5690886,Q164177,
Q5817565,Q166105,
Q19867365,Q131371,
Q19895687,Q164177,
Q19968768,Q138089,
Q6848154,Q132893,
Q6880950,Q180950,
Q20309874,Q163480,
Q15908942,Q170558,
Q7000040,Q169165,
Q29452685,Q172339,
Q7192274,Q138089,
Q7286570,Q170558,
Q16226929,Q161345,
Q7308203,Q976396,
Q16320595,Q128109,
Q8991893,Q131364,
Q13562909,Q169661,
Q1371485,Q162954,
Q1393162,Q121783,
Q1393433,Q169661,
Q1424134,Q162954,
Q1455079,Q166105,
Q1458344,Q132893,
Q1458307,Q164177,
Q1460162,Q157376,
Q1461043,Q157376,
Q1463651,Q169138,
Q1555321,Q169165,
Q1469046,Q2928124,
Q1607091,Q138089,
Q1609268,Q131364,
Q1608885,Q166105,
Q1614371,Q166105,
Q1615664,Q128109,
Q1617565,Q166105,
Q1617769,Q166105,
Q1618785,Q164177,
Q1618778,Q166105,
Q1619087,Q159893,
Q1620019,Q169165,
Q1622624,Q131364,
Q1621683,Q162954,
Q1625585,Q138089,
Q1624895,Q164177,
Q1627427,Q161337,
Q1630662,Q161345,
Q1632222,Q164177,
Q1634199,Q131364,
Q1635555,Q128109,
Q1634959,Q164177,
Q1652406,Q161345,
Q1756515,Q170649,
Q1747216,Q976396,
Q1835622,Q159893,
Q1869647,Q128109,
Q2062631,Q169165,
Q2162094,Q167253,
Q2247995,Q167253,
Q2273491,Q161337,
Q2319853,Q169165,
Q2322285,Q170649,
Q2324127,Q162954,
Q2326029,Q131364,
Q2326948,Q169165,
Q2328838,Q166105,
Q2328853,Q167253,
Q2330320,Q121783,
Q2331737,Q157376,
Q2332758,Q164177,
Q2333450,Q162990,
Q2337380,Q170329,
Q2342812,Q131371,
Q2342064,Q164177,
Q2342473,Q161337,
Q2343352,Q169637,
Q2346016,Q159893,
Q2348203,Q131364,
Q2350326,Q169661,
Q2348633,Q572134,
Q2375557,Q976396,
Q2407199,Q165529,
Q2407571,Q159729,
Q2423256,Q157376,
Q2450307,Q159893,
Q2463660,Q121783,
Q2469598,Q167253,
Q2469672,Q169138,
Q2476169,Q159729,
Q2501262,Q128109,
Q2500189,Q170649,
Q2556060,Q131371,
Q2557042,Q162954,
Q2560840,Q128109,
Q2563094,Q159893,
Q2565521,Q128109,
Q2565803,Q166105,
Q2567162,Q132893,
Q2567550,Q138089,
Q2567039,Q164177,
Q2568302,Q138089,
Q2567386,Q169637,
Q2571293,Q121783,
Q2600980,Q161345,
Q2600870,Q572134,
Q2627006,Q166105,
Q2630914,Q131371,
Q2698438,Q138089,
Q2724800,Q161337,
Q2724864,Q165529,
Q2731961,Q162990,
Q2733760,Q169661,
Q2736149,Q131364,
Q2736410,Q170649,
Q2757717,Q164177,
Q2919016,Q159729,
Q2979358,Q157376,
Q3195758,Q121783,
Q4957612,Q159729,
Q5090064,Q121783,
Q5231758,Q132893,
Q5293380,Q157376,
Q5300636,Q169661,
Q5316107,Q166105,
Q5569077,Q170558,
Q3384094,Q157376,
Q3457178,Q131371,
Q3499332,Q131364,
Q3600320,Q128109,
Q3600316,Q169165,
Q3603075,Q170649,
Q3607508,Q138089,
Q3607495,Q159893,
Q3610640,Q131364,
Q3615441,Q166105,
Q3618544,Q159893,
Q3624653,Q159893,
Q3635259,Q138089,
Q3638844,Q161345,
Q3639989,Q170329,
Q3641317,Q131364,
Q3641240,Q166105,
Q3641268,Q169661,
Q3641403,Q169661,
Q3641389,Q170649,
Q3644497,Q131364,
Q3644479,Q162990,
Q3644482,Q170329,
Q3646336,Q138089,
Q3649985,Q159893,
Q3666682,Q132893,
Q3687045,Q161345,
Q3696468,Q159893,
Q3696389,Q169637,
Q3702067,Q131364,
Q3703047,Q166105,
Q3703034,Q169165,
Q3705484,Q169165,
Q3706968,Q131364,
Q3713656,Q131364,
Q3713483,Q161345,
Q3714604,Q169661,
Q3715644,Q169165,
Q3718855,Q121783,
Q3718945,Q131364,
Q3718866,Q159729,
Q3731496,Q170649,
Q3752661,Q164177,
Q3752612,Q169165,
Q3758434,Q169165,
Q3774167,Q159893,
Q3776415,Q164177,
Q3779875,Q161345,
Q3784240,Q131364,
Q3785129,Q159893,
Q3787269,Q121783,
Q3787378,Q159893,
Q3807779,Q132893,
Q3806638,Q172339,
Q3808315,Q128109,
Q3808381,Q138089,
Q3808040,Q169637,
Q3809414,Q128109,
Q3808693,Q157376,
Q3808359,Q169165,
Q3809678,Q169165,
Q3809726,Q169661,
Q3814529,Q138089,
Q3814465,Q166105,
Q3814628,Q164177,
Q3827088,Q128109,
Q3827112,Q161337,
Q3837904,Q128109,
Q3815292,Q976396,
Q3846699,Q162954,
Q3852000,Q157376,
Q3852258,Q169661,
Q3857455,Q166105,
Q3874522,Q157376,
Q3881892,Q121783,
Q3887110,Q169637,
Q3898160,Q121783,
Q3898145,Q128109,
Q3901329,Q161345,
Q3843718,Q2928124,
Q3940996,Q157376,
Q3946370,Q128109,
Q3946372,Q157376,
Q3953576,Q132893,
Q3962930,Q131364,
Q3992487,Q159893,
Q4013029,Q131364,
Q4018603,Q131364,
Q4017995,Q157376,
Q4019746,Q121783,
Q4020208,Q121783,
Q4401198,Q157376,
Q4786689,Q180950,
